age,educ,black,hispan,married,nodegree,treat,re78,e,wt,v,TE
37,11,1,0,1,1,1,9930.046,0.5664146110341155,1.7654911799931825,17531.40862992658,0
22,9,0,1,0,1,1,3595.894,0.1989964324713943,5.025215716587027,18070.143043980992,0
30,12,1,0,0,0,1,24909.45,0.6282851007216176,1.591634114594551,39646.73039578724,0
27,11,1,0,0,1,1,7506.146,0.7457330473380305,1.3409624309524717,10065.459787244172,0
33,8,1,0,0,1,1,289.7899,0.6731406788688142,1.4855735678914246,430.5042156818991,0
22,9,1,0,0,1,1,4056.494,0.6831111348019803,1.4638906453923917,5938.263619690365,0
23,12,1,0,0,0,1,0.0,0.6150840629786539,1.62579403400134,0.0,0
32,11,1,0,0,1,1,8472.158,0.7532604849114191,1.3275620054828663,11247.31506524771,0
22,16,1,0,0,0,1,2164.022,0.7303262051434033,1.3692511551104,2963.089623184318,0
33,12,0,0,1,0,1,12418.07,0.0386778647372138,25.854581342435186,321064.0009310541,0
19,9,1,0,0,1,1,8173.908,0.6778807292433335,1.4751857618319133,12058.032700123971,0
21,13,1,0,0,0,1,17094.64,0.6425816204504561,1.5562225376116268,26603.06404035721,0
18,8,1,0,0,1,1,0.0,0.646145678364332,1.5476386107408826,0.0,0
27,10,1,0,1,1,1,18739.93,0.5132861003719512,1.9482312092132497,36509.71648447165,0
17,7,1,0,0,1,1,3023.879,0.6130687096453227,1.631138540048028,4932.3655773418905,0
19,10,1,0,0,1,1,3228.503,0.706395215260376,1.41563812777441,4570.391942434067,0
27,13,1,0,0,0,1,14581.86,0.6535545740725915,1.530094103340983,22311.618001743747,0
23,10,1,0,0,1,1,7693.4,0.71300348336729,1.4025176921679487,10790.129612924897,0
40,12,1,0,0,0,1,10804.32,0.6468123563448741,1.5460434393229334,16703.948052345557,0
26,12,1,0,0,0,1,10747.35,0.6207636857155236,1.6109189745004968,17313.110040597916,0
23,11,1,0,0,1,1,0.0,0.739603167507935,1.3520764160184202,0.0,0
41,14,0,0,0,0,1,5149.501,0.1200271242966318,8.33145012729478,42902.8107619546,0
38,9,0,0,0,1,1,6408.95,0.1216795591254433,8.21830722585926,52670.7200951707,0
24,11,1,0,0,1,1,1991.4,0.7411445767658781,1.3492644098722082,2686.925145819516,0
18,10,1,0,0,1,1,11163.17,0.7047293211130307,1.4189845236191203,15840.365464529255,0
29,11,1,0,1,1,1,9642.999,0.5505976401656197,1.816208292682112,17513.694750125313,0
25,11,1,0,0,1,1,9897.049,0.7426800362068812,1.3464748629939471,13326.127696319383,0
27,10,0,1,0,1,1,11142.87,0.2281841928061196,4.382424512856883,48832.786631577575,0
17,10,1,0,0,1,1,16218.04,0.7030579481314871,1.4223578620477786,23067.85670100536,0
24,11,1,0,0,1,1,995.7002,0.7411445767658781,1.3492644098722082,1343.4628427626396,0
17,10,1,0,0,1,1,0.0,0.7030579481314871,1.4223578620477786,0.0,0
48,4,1,0,0,1,1,6551.592,0.5761884874376598,1.735543180404475,11370.570816392514,0
25,11,1,0,1,1,1,1574.424,0.5426485526621357,1.8428133551525765,2901.36957387274,0
20,12,1,0,0,0,1,0.0,0.6093729055613574,1.6410312812953096,0.0,0
25,12,1,0,0,0,1,3191.753,0.6188740672064189,1.6158376202673566,5157.354572001196,0
42,14,1,0,0,0,1,20505.93,0.7086582335216588,1.4111174508345523,28936.27566859177,0
25,5,1,0,0,1,1,6181.88,0.5638003521709005,1.7736775015296151,10964.661473155897,0
23,12,1,0,1,0,1,5911.551,0.3964685874972086,2.5222679211806174,14910.5154517232,0
46,8,1,0,1,1,1,3094.156,0.4844390359540513,2.064243229347953,6387.090573546345,0
24,10,1,0,0,1,1,0.0,0.7146415978445989,1.399302815587644,0.0,0
21,12,1,0,0,0,1,1254.582,0.6112800426460187,1.635911415774917,2052.385015825728,0
19,9,0,0,0,1,1,13188.83,0.1063117478722234,9.406298175079431,124058.06756043286,0
17,8,1,0,0,1,1,8061.485,0.6443100644050774,1.5520477720976595,12511.8098340487,0
18,8,0,1,1,1,1,2787.96,0.0796229896139336,12.559186798293808,35014.510426171204,0
20,11,1,0,0,1,1,3972.54,0.7349433953083884,1.360649005601842,5405.232600713541,0
25,11,1,0,1,1,1,0.0,0.5426485526621357,1.8428133551525765,0.0,0
17,8,1,0,0,1,1,0.0,0.6443100644050774,1.5520477720976595,0.0,0
17,9,1,0,0,1,1,0.0,0.6743687586603566,1.4828682188458946,0.0,0
25,5,1,0,0,1,1,12187.41,0.5638003521709005,1.7736775015296151,21616.534918917045,0
23,12,1,0,0,0,1,4843.176,0.6150840629786539,1.62579403400134,7874.006646418474,0
28,8,1,0,0,1,1,0.0,0.6642584284274391,1.5054381806902974,0.0,0
31,11,1,0,1,1,1,8087.487,0.5545627715005346,1.803222378765532,14583.537546375312,0
18,11,1,0,0,1,1,0.0,0.7318074234210205,1.3664797158318578,0.0,0
25,12,1,0,0,0,1,2348.973,0.6188740672064189,1.6158376202673566,3795.558942392274,0
30,11,1,0,1,1,1,590.7818,0.5525810417707704,1.809689302397085,1069.1315035108942,0
17,10,1,0,0,1,1,0.0,0.7030579481314871,1.4223578620477786,0.0,0
37,9,1,0,0,1,1,1067.506,0.7085580665746183,1.4113169367110578,1506.5892978406746,0
41,4,1,0,1,1,1,7284.986,0.3457163958104098,2.8925443285842825,21072.144938115896,0
42,14,1,0,1,0,1,13167.52,0.4999852698518405,2.000058922328507,26335.815860939063,0
22,11,0,0,0,1,1,1048.432,0.1373895790754921,7.2785724123263,7631.088231400087,0
17,8,1,0,0,1,1,0.0,0.6443100644050774,1.5520477720976595,0.0,0
29,8,1,0,0,1,1,1923.938,0.6660444539728579,1.501401286408356,2888.60298816992,0
35,10,1,0,0,1,1,4666.236,0.7322844631549952,1.3655895356451666,6372.163052450759,0
27,11,1,0,0,1,1,549.2984,0.7457330473380305,1.3409624309524717,736.5885177823031,0
29,4,1,0,0,1,1,762.9146,0.5386192491891156,1.8565990753310195,1416.4265409165343,0
28,9,1,0,0,1,1,10694.29,0.6934334368247632,1.4420994819329849,15422.2300686411,0
27,11,1,0,0,1,1,0.0,0.7457330473380305,1.3409624309524717,0.0,0
23,7,0,0,0,1,1,0.0,0.0859054389876827,11.64070647661066,0.0,0
45,5,1,0,1,1,1,8546.715,0.3841535369203029,2.603125843944687,22248.17469732972,0
29,13,1,0,0,0,1,7479.656,0.657176909338917,1.5216602801914385,11381.495444695573,0
27,9,1,0,0,1,1,0.0,0.6917260934403434,1.4456589240785134,0.0,0
46,13,1,0,0,0,1,647.2046,0.6872000239054988,1.4551803917537642,941.7994433728384,0
18,6,1,0,0,1,1,0.0,0.5828193810523044,1.7157974365822546,0.0,0
25,12,1,0,0,0,1,11965.81,0.6188740672064189,1.6158376202673566,19334.805954971336,0
28,15,1,0,0,0,1,9598.541,0.713102741086599,1.402322473864338,13460.249760608276,0
25,11,0,0,0,1,1,18783.35,0.1402656076120218,7.129331395091697,133912.7268599956,0
22,12,1,0,0,0,1,18678.08,0.6131837791039682,1.6308324422105194,30460.818822203462,0
21,9,1,0,0,1,1,0.0,0.6813727190325857,1.467625533085331,0.0,0
40,11,1,0,0,1,1,23005.6,0.7649891202588011,1.3072081334459935,30073.107434805148,0
22,11,1,0,0,1,1,6456.697,0.7380558236302749,1.3549110622571887,8748.250190942803,0
25,12,1,0,0,0,1,0.0,0.6188740672064189,1.6158376202673566,0.0,0
18,12,1,0,0,0,1,2321.107,0.6055486393571633,1.6513950077760513,3833.064512314047,0
38,12,0,0,0,0,1,4941.849,0.0924557723884771,10.815982325021723,53450.95143692629,0
27,13,1,0,0,0,1,0.0,0.6535545740725915,1.530094103340983,0.0,0
27,8,1,0,0,1,1,0.0,0.662467691645729,1.5095075769140671,0.0,0
38,11,1,0,0,1,1,0.0,0.7620935575276899,1.3121748506103412,0.0,0
23,8,0,1,0,1,1,3881.284,0.1796898301472365,5.565145223748094,21599.90911460989,0
26,11,1,0,0,1,1,17230.96,0.7442095311319301,1.3437075960032612,23153.37183842836,0
21,12,0,0,0,0,1,8048.603,0.0816351612406486,12.249623627889276,98592.35748030052,0
25,8,1,0,0,1,1,0.0,0.6588722414265757,1.5177449240156513,0.0,0
31,11,1,0,1,1,1,14509.93,0.5545627715005346,1.803222378765532,26164.63049032136,0
17,10,1,0,0,1,1,0.0,0.7030579481314871,1.4223578620477786,0.0,0
25,11,1,0,0,1,1,0.0,0.7426800362068812,1.3464748629939471,0.0,0
21,12,1,0,0,0,1,9983.784,0.6112800426460187,1.635911415774917,16332.586218230965,0
44,11,1,0,0,1,1,0.0,0.7707066701124847,1.2975105040339794,0.0,0
25,12,0,0,0,0,1,5587.503,0.0840724201768799,11.894507115366729,66460.59419063294,0
18,9,1,0,0,1,1,4482.845,0.6761272240250764,1.479011589042171,6630.17970687975,0
42,12,1,0,0,0,1,2456.153,0.6504674845110227,1.5373558614566756,3775.9812111843976,0
25,10,1,0,0,1,1,0.0,0.7162740829698113,1.3961136159691916,0.0,0
31,9,0,1,0,1,1,26817.6,0.2107504828799104,4.744947609775199,127248.10701990736,0
24,10,1,0,0,1,1,0.0,0.7146415978445989,1.399302815587644,0.0,0
26,10,1,0,0,1,1,9265.788,0.7179009154943173,1.3929498882327525,12906.77835898838,0
25,11,1,0,0,1,1,485.2298,0.7426800362068812,1.3464748629939471,653.3497284755804,0
18,11,1,0,0,1,1,4814.627,0.7318074234210205,1.3664797158318578,6579.090134796391,0
19,11,1,0,0,1,1,7458.105,0.7333783437683894,1.363552671683217,10169.518998443958,0
43,9,1,0,0,1,1,0.0,0.7183931724421472,1.391995411928182,0.0,0
27,13,1,0,0,0,1,34099.28,0.6535545740725915,1.530094103340983,52175.10725617311,0
17,9,1,0,0,1,1,1953.268,0.6743687586603566,1.4828682188458946,2896.4390400886828,0
30,11,1,0,0,1,1,0.0,0.7502675890051926,1.3328577892134947,0.0,0
26,10,1,0,1,1,1,0.0,0.511282566605757,1.955865631481792,0.0,0
20,9,1,0,0,1,1,8881.665,0.6796292391330444,1.4713904911972744,13068.397426999642,0
17,9,0,1,0,1,1,6210.67,0.1926824738673608,5.189885618182285,32232.66691227617,0
20,12,1,0,0,0,1,0.0,0.6093729055613574,1.6410312812953096,0.0,0
18,11,1,0,0,1,1,929.8839,0.7318074234210205,1.3664797158318578,1270.6674874286198,0
27,12,1,0,1,0,1,0.0,0.4041686703631916,2.474214537958585,0.0,0
21,12,0,0,0,0,1,12558.02,0.0816351612406486,12.249623627889276,153831.0185115061,0
27,12,1,0,0,0,1,22163.25,0.6226496479630057,1.6060396135635724,35595.05746531284,0
20,12,1,0,0,0,1,1652.637,0.6093729055613574,1.6410312812953096,2712.0290136260364,0
19,10,1,0,0,1,1,8124.715,0.706395215260376,1.41563812777441,11501.656331300666,0
23,12,1,0,0,0,1,671.3318,0.6150840629786539,1.62579403400134,1091.4472352753808,0
29,14,1,0,0,0,1,17814.98,0.6866770218527175,1.4562887182418138,25943.754389703547,0
18,10,1,0,0,1,1,9737.154,0.7047293211130307,1.4189845236191203,13816.870830096015,0
19,9,1,0,0,1,1,17685.18,0.6778807292433335,1.4751857618319133,26088.92573143452,0
27,13,0,0,1,0,1,0.0,0.0419964978152809,23.811509340575,0.0,0
18,11,0,0,0,1,1,4321.705,0.1336321656129811,7.483228273768686,32340.3050468875,0
27,9,1,0,1,1,1,1773.423,0.4798274823589983,2.084082377031956,3695.959621323142,0
22,12,1,0,0,0,1,0.0,0.6131837791039682,1.6308324422105194,0.0,0
23,10,1,0,1,1,1,11233.26,0.5052700473168459,1.9791396804745045,22232.190607087032,0
23,12,0,1,0,0,1,559.4432,0.1555194428324022,6.43006418867938,3597.255685920197,0
20,11,1,0,0,1,1,1085.44,0.7349433953083884,1.360649005601842,1476.9028566404634,0
17,9,1,0,0,1,1,5445.2,0.6743687586603566,1.4828682188458946,8074.514025259665,0
28,11,1,0,0,1,1,60307.93,0.7472505711159522,1.3382391913151557,80706.43547309101,0
26,11,1,0,1,1,1,1460.36,0.544638022438858,1.8360818723636976,2681.340523125049,0
20,11,1,0,0,1,1,6943.342,0.7349433953083884,1.360649005601842,9447.451387853504,0
24,11,1,0,1,1,1,4032.708,0.5406577216371703,1.849599034620076,7458.892823704658,0
31,9,1,0,0,1,1,10363.27,0.6985236172035126,1.431590822946582,14835.962227717628,0
23,8,0,0,1,1,1,4232.309,0.0423006547280166,23.64029602921676,100053.03764711836,0
18,10,1,0,0,1,1,11141.39,0.7047293211130307,1.4189845236191203,15809.459981604832,0
29,12,1,0,0,0,1,0.0,0.6264104046720844,1.5963974936263767,0.0,0
26,11,0,0,0,1,1,13385.86,0.1412354189426905,7.080376915975819,94776.93414448408,0
24,9,1,0,0,1,1,4849.559,0.686572640005036,1.4565101225016264,7063.431773168865,0
25,12,1,0,0,0,1,0.0,0.6188740672064189,1.6158376202673566,0.0,0
24,10,1,0,0,1,1,1660.508,0.7146415978445989,1.399302815587644,2323.5535197058075,0
46,8,1,0,0,1,1,0.0,0.6956506326846291,1.4375031848110842,0.0,0
31,12,0,0,0,0,1,2484.549,0.0878523098568873,11.382739982921494,28280.97524182761,0
19,11,1,0,0,1,1,4146.603,0.7333783437683894,1.363552671683217,5654.111599059643,0
19,8,1,0,0,1,1,9970.681,0.6479769949233917,1.5432646650028476,15387.399673315258,0
27,11,1,0,0,1,1,0.0,0.7457330473380305,1.3409624309524717,0.0,0
26,11,1,0,1,1,1,26372.28,0.544638022438858,1.8360818723636976,48421.665240899696,0
20,10,1,0,0,1,1,5615.189,0.7080556041713593,1.4123184593253868,7930.43507730086,0
28,10,1,0,0,1,1,3196.571,0.7211375323604721,1.3866980362632604,4432.678728476087,0
24,12,1,0,0,0,1,6167.681,0.6169808427234132,1.620795867155134,9996.551874731244,0
19,8,1,0,0,1,1,7535.942,0.6479769949233917,1.5432646650028476,11629.953006110887,0
23,12,1,0,0,0,1,8484.239,0.6150840629786539,1.62579403400134,13793.625149241494,0
42,9,1,0,1,1,1,1294.409,0.5098864362359787,1.961221026748775,2538.622148012855,0
25,13,1,0,0,0,1,0.0,0.649914353664485,1.5386642783954343,0.0,0
18,9,1,0,0,1,1,5010.342,0.6761272240250764,1.479011589042171,7410.353883064727,0
21,12,1,0,0,0,1,9371.037,0.6112800426460187,1.635911415774917,15330.186405949133,0
27,10,1,0,0,1,1,0.0,0.7195220726924453,1.389811428936445,0.0,0
21,8,1,0,0,1,1,4279.613,0.651626561929032,1.5346212975721345,6567.585255166576,0
22,9,1,0,0,1,1,3462.564,0.6831111348019803,1.4638906453923917,5068.815048672461,0
31,4,1,0,0,1,1,7382.549,0.5426022701747529,1.842970542084049,13605.820332492054,0
24,10,1,0,1,1,1,0.0,0.507274475712285,1.9713193702400635,0.0,0
29,10,1,0,0,1,1,0.0,0.7227472728155471,1.3836095100080867,0.0,0
29,12,1,0,0,0,1,10976.51,0.6264104046720844,1.5963974936263767,17522.873052764862,0
19,10,0,0,0,1,1,13829.62,0.1197193631088696,8.352867690171607,115516.98606535108,0
19,11,0,1,1,1,1,6788.463,0.1152920513890933,8.673624833208583,58880.58125611764,0
31,9,1,0,0,1,1,9558.501,0.6985236172035126,1.431590822946582,13683.862312725729,0
22,10,1,0,1,1,1,13228.28,0.5032654494991153,1.987022953781686,26284.8959990512,0
21,9,1,0,0,1,1,743.6666,0.6813727190325857,1.467625533085331,1091.4240902627555,0
17,10,1,0,0,1,1,5522.788,0.7030579481314871,1.4223578620477786,7855.380932223126,0
26,12,1,0,1,0,1,1424.944,0.402239060504558,2.486083770048653,3542.530151628208,0
20,9,0,1,0,1,1,1358.643,0.1964523661196366,5.090292470140138,6915.890232508608,0
19,10,1,0,0,1,1,0.0,0.706395215260376,1.41563812777441,0.0,0
26,10,1,0,0,1,1,672.8773,0.7179009154943173,1.3929498882327525,937.2843598293564,0
28,11,1,0,0,1,1,0.0,0.7472505711159522,1.3382391913151557,0.0,0
22,12,0,1,1,0,1,10092.83,0.0698558852407096,14.315186137205137,144480.7401011681,0
33,11,1,0,0,1,1,6281.433,0.754747858025935,1.3249457939708886,8322.55823345994,0
22,12,0,0,0,0,1,12590.71,0.0822383720050439,12.159773784659397,153100.18538824888,0
29,10,0,1,0,1,1,5112.014,0.2310210451384146,4.3286099731773655,22127.91478342232,0
33,12,1,0,1,0,1,15952.6,0.4158067044946491,2.40496362658546,38365.42274946721,0
25,14,1,0,1,0,1,36646.95,0.4659573280386818,2.146119268494441,78648.72552655233,0
35,9,1,0,1,1,1,12803.97,0.4958545940324085,2.0167202483045688,25822.025557684246,0
35,8,1,0,1,1,1,3786.628,0.4624526160446966,2.1623837022544787,8188.142673700472,0
33,11,1,0,1,1,1,4181.942,0.558520969466951,1.7904430713754471,7487.52907879398,0
30,12,0,0,1,0,0,25564.67,0.0377932418196277,1.0392776723903898,26568.790733028425,0
26,12,0,0,1,0,0,25564.67,0.0366439406361194,1.038037795350886,26537.09368567293,0
25,16,0,0,1,0,0,25564.67,0.0605610578103113,1.0644651345505785,27212.699891291133,0
42,11,0,0,1,1,0,15491.01,0.0713789215923425,1.0768654979431855,16681.734197292866,0
25,9,1,0,1,1,0,0.0,0.4758258959714271,1.907763073975684,0.0,0
37,9,1,0,1,1,0,17833.2,0.4998639921682175,1.9994561166176688,35656.70081886622,0
32,12,0,0,1,0,0,14146.28,0.0383808042114878,1.0399126851664149,14710.896019915952,0
20,12,1,0,0,0,0,17765.23,0.6093729055613574,2.5599862739605075,45478.74495375143,0
38,9,0,1,1,1,0,0.0,0.104031643255023,1.116110845290303,0.0,0
39,10,0,0,1,1,0,4433.18,0.0615923987346906,1.0656350168643585,4724.151844062737,0
41,5,0,0,1,1,0,19451.31,0.0330200757359368,1.034147633169393,20115.526198544147,0
31,14,0,0,1,0,0,22094.97,0.0492052237066155,1.0517516765273354,23238.42174032118,0
34,8,0,0,1,1,0,5486.799,0.046021937972943,1.0482421344943231,5751.493895301318,0
29,12,0,0,1,0,0,6420.722,0.0375027104761118,1.038963964765722,6670.898785778496,0
22,14,1,0,1,0,0,18208.55,0.4599761548738664,1.851770082053376,33718.048127573,0
42,0,0,1,1,1,0,9922.934,0.0346848607973109,1.0359311269332825,10279.476201104582,0
25,9,0,1,0,1,0,7539.361,0.2028588181168627,1.2544829231349413,9457.999625849574,0
28,9,0,0,1,1,0,15406.78,0.0499379725135626,1.052562854917676,16216.604341888553,0
40,13,0,0,1,0,0,11911.95,0.0463967459120202,1.048654139667753,12491.51567901529,0
35,9,0,0,1,1,0,11087.38,0.0526694402967773,1.0555977422635636,11703.813295618187,0
27,10,0,1,1,1,0,17023.41,0.108367287651806,1.121538034833212,19092.40179756005,0
27,6,0,1,1,1,0,5661.171,0.0664161051540088,1.0711410142362892,6063.912446705068,0
36,12,0,0,1,0,0,21905.82,0.0395823421462134,1.0412136759695432,22808.639367327138,0
47,8,1,0,1,1,0,0.0,0.4864420799793749,1.947200035314106,0.0,0
40,11,0,0,1,1,0,25564.67,0.0703231413761666,1.0756425641058371,27498.44718931957,0
27,7,0,0,1,1,0,11149.45,0.0383629038896525,1.0398933277894788,11594.238663522408,0
36,9,1,0,1,1,0,0.0,0.4978592586866803,1.9914735406343624,0.0,0
39,6,0,1,1,1,0,25048.94,0.0726374863450821,1.078326959819417,27010.947316898983,0
21,9,0,0,1,1,0,1213.214,0.047341081266754,1.0496936315147332,1273.5030094645151,0
29,12,0,0,1,0,0,0.0,0.0375027104761118,1.038963964765722,0.0,0
22,13,0,1,0,0,0,9453.017,0.1727760609425362,1.2088625011739826,11427.397774260178,0
25,10,0,0,1,1,0,11688.82,0.0554141427802756,1.0586650142564915,12374.544791941566,0
27,12,0,0,1,0,0,7806.829,0.0369280743881486,1.0383440461777431,8106.174411677744,0
45,8,0,0,1,1,0,15931.37,0.0500534810893168,1.052690841108312,16770.80728530773,0
26,12,0,0,1,0,0,2838.713,0.0366439406361194,1.038037795350886,2946.6913841539003,0
27,12,0,0,1,0,0,14038.4,0.0369280743881486,1.0383440461777431,14576.68905786163,0
33,8,0,0,1,1,0,25514.43,0.0456711519457562,1.047856828428559,26735.46969896248,0
25,12,0,0,1,0,0,4162.756,0.0363619105371876,1.0377339905248637,4319.83339546132,0
49,8,0,0,1,1,0,7503.896,0.0516008317029552,1.0544083476956336,7912.170582639874,0
40,3,0,1,1,1,0,12104.06,0.0501866297969851,1.0528384115989629,12743.61930429854,0
22,12,1,0,1,0,0,2231.367,0.3945513964321133,1.6516678609993254,3685.477159994482,0
25,5,0,0,1,1,0,14617.67,0.0291599430112215,1.0300357847838149,15056.723190160828,0
25,12,0,0,1,0,0,19588.74,0.0363619105371876,1.0377339905248637,20327.90132955402,0
21,12,0,0,1,0,0,10746.03,0.0352545416663099,1.0365428428418846,11138.720485464177,0
33,9,0,1,1,1,0,25564.67,0.1003533233493681,1.1115474840889557,28416.3446200644,0
20,12,1,0,1,0,0,0.0,0.3907267861637196,1.641299793410437,0.0,0
19,11,0,0,1,1,0,837.871,0.0600790349217885,1.063919241248959,891.4270785845066,0
25,12,1,0,1,0,0,461.0507,0.4003124736705514,1.6675351013564903,768.8182257549809,0
29,12,0,0,1,0,0,24290.87,0.0375027104761118,1.038963964765722,25237.338602808733,0
20,12,0,0,1,0,0,6680.802,0.0349828167583129,1.0362509780818605,6922.987606871248,0
29,6,0,1,1,1,0,7196.528,0.0674174816497981,1.0722911702967195,7716.773431193112,0
25,13,0,0,1,0,0,13015.82,0.0413559641410292,1.043140063041203,13577.323295332952,0
41,15,0,0,1,0,0,24647.0,0.0602439719760481,1.0641059702513689,26227.01984878549,0
39,10,0,0,1,1,0,25564.67,0.0615923987346906,1.0656350168643585,27242.60754658176,0
33,12,0,0,1,0,0,2936.243,0.0386778647372138,1.0402340311519414,3054.379892331669,0
29,8,0,0,1,1,0,20575.86,0.0442933097958992,1.0463461334423012,21529.471553250107,0
21,11,0,0,1,1,0,10923.35,0.0609911074450898,1.064952640947991,11632.850430499238,0
31,12,0,0,1,0,0,22403.81,0.0380859348315932,1.0395939057455463,23290.86434148113,0
36,12,1,0,1,0,0,7215.739,0.4216619932730549,1.7290926557972826,12476.681311050028,0
25,7,0,0,1,1,0,122.6513,0.0377756047645866,1.039258622990269,127.46642114596638,0
35,7,0,0,1,1,0,15177.73,0.040800908724973,1.0425364338812475,15823.33650861243,0
22,9,0,0,1,1,0,4742.025,0.0477040523617605,1.0500937260943617,4979.570701482615,0
31,2,0,1,1,1,0,9732.307,0.0412263049319724,1.0429989945949103,10150.786416089011,0
40,15,0,0,1,0,0,6238.962,0.0597915777368335,1.0635939609995302,6635.722306105551,0
47,3,0,0,1,1,0,6145.865,0.0266817914678245,1.0274132254322688,6314.34298272129,0
26,8,0,1,0,1,0,11136.15,0.1832632225349095,1.2243846825457088,13634.931482531394,0
42,7,0,0,1,1,0,9241.702,0.0430552534519573,1.044992413205955,9657.5084751103,0
53,12,0,0,0,0,0,19965.56,0.1030554256764853,1.1148960912709804,22259.52480403624,0
30,17,1,0,0,0,0,14421.13,0.7675129678548476,4.301315177767221,62029.8253495542,0
28,10,0,0,1,1,0,10289.41,0.0566869175990757,1.060093428848454,10907.735927727572,0
46,11,0,0,1,1,0,0.0,0.073534493509627,1.0793709997776275,0.0,0
28,12,0,0,0,0,0,21602.88,0.0859435402991997,1.0940243235383202,23634.07617847951,0
27,12,0,1,1,0,0,25564.67,0.0725064533193679,1.0781746175796676,27563.1783008004,0
25,10,0,0,1,1,0,12418.81,0.0554141427802756,1.0586650142564915,13147.35966569866,0
38,8,0,0,1,1,0,0.0,0.0474508831323362,1.0498146313844396,0.0,0
26,12,0,1,0,0,0,4181.966,0.1587051658353056,1.188643932412685,4970.868511456147,0
54,12,0,0,0,0,0,0.0,0.1037990236655514,1.1158211454869194,0.0,0
38,8,0,1,1,1,0,8720.065,0.0921969173711889,1.1015604806101844,9605.678992352048,0
23,17,0,0,0,0,0,16747.08,0.1499691983525285,1.1764279577420824,19701.733122543275,0
23,8,0,0,1,1,0,2782.559,0.0423006547280166,1.0441690337754208,2905.461942453101,0
23,12,0,0,1,0,0,14065.0,0.0358041041418104,1.037133640887304,14587.28465907993,0
25,12,0,1,1,0,0,379.7757,0.0714352784914912,1.0769308555847783,408.99216953130815,0
25,15,0,0,1,0,0,12705.49,0.0533769703687217,1.056386722800852,13421.910942678998,0
37,11,0,1,0,1,0,0.0,0.2680552154874935,1.366223274158617,0.0,0
40,12,0,0,1,0,0,21857.05,0.0408198983433925,1.0425570737684111,22787.222089209856,0
19,10,0,0,0,1,0,135.9508,0.1197193631088696,1.1360013592161702,154.44029358652568,0
48,7,0,0,1,1,0,0.0,0.0450817820716555,1.047210097393951,0.0,0
19,12,0,0,0,0,0,0.0,0.0804408199252073,1.0874775889015265,0.0,0
16,9,0,0,0,1,0,0.0,0.1040476590527215,1.116130796580891,0.0,0
29,10,0,0,1,1,0,7781.708,0.0571172484338975,1.0605772545303511,8253.102506196868,0
30,16,0,0,0,0,0,15538.29,0.1403241178927434,1.1632290969345074,18074.591044606488,0
22,11,0,0,1,1,0,10642.59,0.0614519843517942,1.0654755892370116,11339.419851257928,0
22,10,0,0,0,1,0,2453.026,0.1222779284629534,1.1393128103168504,2794.763945840302,0
47,10,1,0,1,1,0,19330.14,0.5531822301604493,2.2380488590664007,43261.7977725938,0
25,12,0,1,1,0,0,3020.473,0.0714352784914912,1.0769308555847783,3252.840572160723,0
47,10,1,0,0,1,0,19438.02,0.7507229780729796,4.011601198817134,77977.58433463144,0
24,12,1,0,1,0,0,0.0,0.3983889645594209,1.662203551947261,0.0,0
20,12,1,0,1,0,0,0.0,0.3907267861637196,1.641299793410437,0.0,0
28,12,1,0,0,0,0,7314.747,0.6245319040902098,2.6633421345079062,19481.673888365305,0
47,11,0,0,0,1,0,3358.873,0.1629189617279357,1.1946274664926582,4012.601942260594,0
50,0,0,0,1,1,0,220.1813,0.018444991828988,1.0187916027888826,224.3188595311398,0
18,12,0,0,0,0,0,8957.978,0.0798496468898974,1.086778912402746,9735.341588167725,0
21,12,0,0,0,0,0,1687.564,0.0816351612406486,1.088891862792713,1837.5747075419224,0
47,11,0,0,1,1,0,17358.85,0.0740826761112459,1.0800100335093703,18747.732170184136,0
21,12,0,0,0,0,0,5937.505,0.0816351612406486,1.088891862792713,6465.30087979105,0
34,11,0,0,1,1,0,18133.18,0.0672418546253041,1.072089270899149,19440.38772528303,0
19,12,0,0,1,0,0,1066.919,0.0347131108169379,1.0359614444223066,1105.2869483216032,0
44,13,0,0,1,0,0,3104.704,0.0478367450084331,1.0502400662466824,3260.68453463634,0
21,15,0,0,1,0,0,0.0,0.0517792666672139,1.0546067649092858,0.0,0
20,12,1,0,0,0,0,12718.79,0.6093729055613574,2.5599862739605075,32559.927821386165,0
51,11,0,0,0,1,0,1525.014,0.1673407933604498,1.2009715283588884,1831.4983943487016,0
28,13,0,0,0,0,0,9253.524,0.0970613848422172,1.1074949982344662,10248.231546042589,0
24,15,0,0,0,0,0,0.0,0.1197704967312995,1.1360673509426078,0.0,0
28,8,0,1,1,1,0,0.0,0.0857011962867316,1.0937343414851588,0.0,0
20,11,0,0,1,1,0,11075.56,0.0605334640855594,1.0644338694050857,11789.20118662819,0
29,12,0,0,1,0,0,8133.407,0.0375027104761118,1.038963964765722,8450.316783773278,0
23,12,0,0,1,0,0,3818.445,0.0358041041418104,1.037133640887304,3960.2377653779217,0
20,11,1,0,0,1,0,5495.665,0.7349433953083884,3.772779030213117,20733.92966907617,0
42,7,0,0,1,1,0,9856.436,0.0430552534519573,1.044992413205955,10299.90084125005,0
43,12,0,0,1,0,0,18781.9,0.0417722903501893,1.0435932815650415,19600.66465502646,0
27,13,0,0,0,0,0,5344.937,0.0963608643473024,1.1066364442900107,5914.902076634117,0
27,4,0,1,1,1,0,3367.739,0.0516186879476234,1.054428200230893,3551.038972617386,0
25,12,0,0,1,0,0,7981.201,0.0363619105371876,1.0377339905248637,8282.363562911032,0
18,12,0,0,0,0,0,12602.05,0.0798496468898974,1.086778912402746,13695.642193045023,0
31,16,0,0,1,0,0,25564.67,0.0633569985175925,1.0676426326971094,27293.931582832807,0
27,12,0,0,1,0,0,7240.86,0.0369280743881486,1.0383440461777431,7518.503870206573,0
18,11,0,0,0,1,0,15814.63,0.1336321656129811,1.1542441447027287,18253.94407814012,0
24,7,0,0,1,1,0,0.0,0.0374852037219944,1.0389450675116347,0.0,0
23,12,0,0,1,0,0,5535.564,0.0358041041418104,1.037133640887304,5741.119645684688,0
50,12,0,0,1,0,0,18597.19,0.0440778398281142,1.0461102814272958,19454.71166465689,0
19,12,0,0,0,0,0,15436.33,0.0804408199252073,1.0874775889015265,16786.662929888298,0
23,10,0,0,1,1,0,6398.556,0.0545806216077507,1.0577316510061057,6767.955201935023,0
51,12,0,0,1,0,0,16015.6,0.0444169576928429,1.0464815256511908,16760.02952221921,0
19,11,1,0,0,1,0,94.5745,0.7333783437683894,3.750633066097653,354.71424690965245,0
20,10,0,0,1,1,0,21141.83,0.0533524640662623,1.0563593756293228,22333.37033846129,0
20,11,0,1,0,1,0,7403.41,0.2421671128724086,1.3195521294810693,9769.185430921443,0
21,12,0,0,0,0,0,0.0,0.0816351612406486,1.088891862792713,0.0,0
39,10,0,0,1,1,0,18761.22,0.0615923987346906,1.0656350168643585,19992.61299109594,0
36,5,0,0,0,1,0,2751.527,0.0739032657070091,1.079800805866602,2971.101071963714,0
19,9,1,0,0,1,0,14344.29,0.6778807292433335,3.104440158612598,44530.98992278511,0
42,6,0,1,1,1,0,1907.745,0.0742747477150622,1.0802341164743343,2060.811234533329,0
20,7,0,0,0,1,0,6098.578,0.0840350721248595,1.09174485787333,6658.091171839417,0
23,12,0,0,1,0,0,0.0,0.0358041041418104,1.037133640887304,0.0,0
35,12,0,0,1,0,0,0.0,0.0392786187303092,1.040884505639292,0.0,0
18,12,0,0,0,0,0,12120.31,0.0798496468898974,1.086778912402746,13172.097319784129,0
43,8,0,0,1,1,0,6395.601,0.0492963850941525,1.051852527245344,6727.2290751028495,0
37,14,0,0,1,0,0,13429.58,0.051505639687778,1.054302526027486,14158.840117488207,0
24,10,0,0,1,1,0,2173.736,0.0549958949994184,1.0581964614845611,2300.239743401604,0
51,12,0,0,0,0,0,1019.631,0.1015823649653852,1.1130680888309494,1134.9187284827897,0
22,11,0,1,0,1,0,14187.65,0.2451225948144328,1.3247184153752434,18794.641225898573,0
19,12,0,0,0,0,0,7118.209,0.0804408199252073,1.0874775889015265,7740.8927606171455,0
52,0,0,1,1,1,0,0.0,0.0374722783702973,1.0389311159857828,0.0,0
21,12,0,0,0,0,0,4787.834,0.0816351612406486,1.088891862792713,5213.433483002288,0
24,12,0,0,0,0,0,0.0,0.0834569801551364,1.0910562606971386,0.0,0
35,8,0,0,1,1,0,9460.406,0.0463752873517886,1.0486305427456937,9920.470678374617,0
20,13,0,0,0,0,0,0.0,0.0915825847639331,1.10081553174554,0.0,0
17,7,1,0,0,1,0,1613.677,0.6130687096453227,2.58443818044118,4170.448449699781,0
18,10,1,0,0,1,0,8154.095,0.7047293211130307,3.386723001991009,27615.66109691988,0
28,12,1,0,0,0,0,7310.313,0.6245319040902098,2.6633421345079062,19469.864629340896,0
25,14,0,1,1,0,0,1892.968,0.0913661936016218,1.1005533725008283,2083.3123164361486,0
40,12,0,1,0,0,0,876.2919,0.1742748687533794,1.2110567574590732,1061.2392270016503,0
50,3,0,0,1,1,0,13976.34,0.0273137125965109,1.0280807007873245,14368.805421641917,0
48,8,0,0,1,1,0,11600.15,0.051209805176146,1.05397379257872,12226.25408998204,0
17,7,0,1,0,1,0,6460.621,0.1544058420243152,1.1826004124649538,7640.333059379743,0
30,12,0,0,1,0,0,14475.81,0.0377932418196277,1.0392776723903898,15044.386122765529,0
30,7,0,0,1,1,0,366.4762,0.0392603167747224,1.0408646769361316,381.45213151778114,0
22,11,0,0,1,1,0,0.0,0.0614519843517942,1.0654755892370116,0.0,0
27,12,0,0,1,0,0,13419.24,0.0369280743881486,1.0383440461777431,13933.787958230218,0
25,9,0,0,1,1,0,1898.879,0.0488088892183089,1.0513134412896243,1996.3170160826005,0
21,14,0,0,0,0,0,6389.69,0.1040928906097506,1.1161871465453554,7132.089848409391,0
17,10,0,0,0,1,0,19993.64,0.1180394567624366,1.13383757092934,22669.54021163569,0
39,7,0,0,0,1,0,9206.237,0.0965305201600646,1.1068442513156798,10189.87049969971,0
18,9,1,0,0,1,0,803.8833,0.6761272240250764,3.087632163554947,2482.0959328246904,0
25,12,0,0,1,0,0,1037.364,0.0363619105371876,1.0377339905248637,1076.507883346835,0
20,8,0,0,1,1,0,0.0,0.0413367358894286,1.0431191404082645,0.0,0
19,13,0,0,0,0,0,0.0,0.0909176248497636,1.100010326165149,0.0,0
19,11,0,0,0,1,0,9853.481,0.1345632911793982,1.1554859989273834,11385.559336196991,0
22,12,0,0,0,0,0,25564.67,0.0822383720050439,1.0896075511292742,27855.45747412802,0
18,11,1,0,0,1,0,20243.38,0.7318074234210205,3.728663980024488,75480.76183994811,0
21,10,0,0,0,1,0,7675.312,0.121419886016088,1.1382001300547435,8736.041116610733,0
24,12,0,0,1,0,0,3262.82,0.0360819697826868,1.0374326121636632,3384.955875619844,0
18,11,0,0,0,1,0,12489.75,0.1336321656129811,1.1542441447027287,14416.220806300906,0
17,10,0,0,0,1,0,6231.573,0.1180394567624366,1.13383757092934,7065.591593388861,0
17,10,0,0,0,1,0,7843.773,0.1180394567624366,1.13383757092934,8893.564525241141,0
18,10,0,0,0,1,0,237.914,0.1188768428665871,1.1349151272488776,270.0121975842894,0
53,10,0,1,0,1,0,13170.98,0.2669604529316774,1.364182879353978,17967.625420313656,0
18,11,1,0,0,1,0,3683.972,0.7318074234210205,3.728663980024488,13736.293699818772,0
17,10,0,1,0,1,0,6918.716,0.2143699702651039,1.2728637681243438,8806.582918342188,0
26,12,1,0,0,0,0,0.0,0.6207636857155236,2.6368782796730548,0.0,0
39,5,0,0,1,1,0,18323.81,0.0325118048234717,1.033604342653028,18939.569589948984,0
18,12,1,0,0,0,0,3057.416,0.6055486393571633,2.5351668159296032,7751.059585692225,0
23,13,0,0,0,0,0,4975.505,0.0936037698484974,1.1032702550327815,5489.32667026688,0
18,8,0,0,0,1,0,6756.166,0.0935626201452705,1.103220169671583,7453.538600849382,0
28,10,0,0,1,1,0,2404.261,0.0566869175990757,1.060093428848454,2548.741287336613,0
32,4,0,0,1,1,0,0.0,0.0270374227270953,1.0277887591554429,0.0,0
18,11,1,0,0,1,0,33.98771,0.7318074234210205,3.728663980024488,126.72875004051808,0
40,10,0,0,1,1,0,0.0,0.0620575189942644,1.066163459115021,0.0,0
21,14,0,0,0,0,0,16967.26,0.1040928906097506,1.1161871465453554,18938.637524093145,0
29,10,0,1,0,1,0,6694.101,0.2310210451384146,1.300425705642358,8705.181016566214,0
31,6,0,0,0,1,0,0.0,0.0805849460368283,1.087648060241633,0.0,0
46,7,0,0,1,1,0,0.0,0.044396372157818,1.04645898243194,0.0,0
20,9,0,1,1,1,0,0.0,0.0913259284602128,1.1005046048089135,0.0,0
36,18,0,0,1,0,0,18227.76,0.0842742711052726,1.092030035245369,19905.26139524412,0
45,12,0,0,1,0,0,7987.112,0.0424189868851877,1.0442980659643697,8340.925614240807,0
16,10,0,0,0,1,0,6847.785,0.1172071846875918,1.1327686209658536,7756.9559711206575,0
18,12,0,0,0,0,0,2232.845,0.0798496468898974,1.086778912402746,2426.608860663909,0
40,12,0,1,0,0,0,3873.121,0.1742748687533794,1.2110567574590732,4690.569359506643,0
16,9,0,0,0,1,0,2451.548,0.1040476590527215,1.116130796580891,2736.24822209629,0
16,10,0,0,0,1,0,5578.418,0.1172071846875918,1.1327686209658536,6319.056865031095,0
28,5,0,1,1,1,0,239.3917,0.0590245784874701,1.062727014051646,254.40802652974745,0
20,12,0,0,0,0,0,15554.55,0.0810359842993207,1.088181890601596,16926.179626457055,0
19,8,0,0,1,1,0,5327.204,0.0410201256151856,1.0427747512861,5555.073826150316,0
16,8,0,0,0,1,0,542.3257,0.092211298712085,1.1015779317161154,597.4140229224945,0
20,11,0,0,1,1,0,0.0,0.0605334640855594,1.0644338694050857,0.0,0
35,10,0,0,1,1,0,1745.195,0.0597643123097221,1.0635631183671992,1856.125036358844,0
32,6,0,1,1,1,0,0.0,0.0689458307736766,1.074051363553818,0.0,0
32,16,1,0,0,0,0,0.0,0.7458250207774535,3.934297557764078,0.0,0
17,9,1,0,0,1,0,8900.347,0.6743687586603566,3.070958412608112,27332.59549478137,0
16,7,0,0,0,1,0,4728.725,0.0815987994503217,1.0888487508525506,5148.866309375228,0
32,15,0,0,0,0,0,7684.178,0.1267004042685966,1.145082403436226,8799.017012671773,0
19,12,0,0,0,0,0,12059.73,0.0804408199252073,1.0874775889015265,13114.686103203405,0
40,12,0,0,1,0,0,17717.94,0.0408198983433925,1.0425570737684111,18471.963679604283,0
50,7,0,0,1,1,0,0.0,0.0457772667291885,1.0479733558351485,0.0,0
39,11,0,0,0,1,0,0.0,0.1543582162374686,1.1825338094703404,0.0,0
18,8,0,1,0,1,0,1306.31,0.1738554922603258,1.210441987608189,1581.2124728324534,0
39,10,1,0,0,1,0,701.9201,0.7385257202859113,3.8244679403781454,2684.4709191570228,0
17,11,0,1,0,1,0,7759.542,0.2377795530390931,1.3119564083949171,10180.180853109514,0
17,5,1,0,0,1,0,0.0,0.547964123438895,2.2122137906565533,0.0,0
19,12,0,0,0,0,0,2587.499,0.0804408199252073,1.0874775889015265,2813.8471738051107,0
27,15,0,0,0,0,0,3392.86,0.1223300030178385,1.1393804088535169,3865.758213982743,0
18,11,1,0,0,1,0,7933.914,0.7318074234210205,3.728663980024488,29582.899352412,0
20,14,0,0,1,0,0,1454.083,0.0452387495455901,1.047382263915779,1522.9807444614478,0
20,12,0,0,1,0,0,13683.75,0.0349828167583129,1.0362509780818605,14179.799321327657,0
19,13,1,0,0,0,0,9067.33,0.6388898085824773,2.769237822046901,25109.59318098053,0
24,8,0,0,1,1,0,2340.719,0.0426267093260018,1.044524648578813,2444.938690896752,0
27,12,0,0,1,0,0,0.0,0.0369280743881486,1.0383440461777431,0.0,0
19,9,0,0,0,1,0,5647.871,0.1063117478722234,1.1189584260720744,6319.732844818113,0
52,8,1,0,1,1,0,0.0,0.4964625474260631,1.9859495949870083,0.0,0
18,11,0,1,0,1,0,0.0,0.2392359722800572,1.3144680394485295,0.0,0
16,10,0,1,0,1,0,3892.332,0.2130225422548064,1.2706844270548072,4945.925657327091,0
18,12,0,1,0,0,0,4843.988,0.1503260755094325,1.176922077018619,5700.9964180132665,0
45,12,0,0,0,0,0,0.0,0.0972747316994708,1.1077567396364127,0.0,0
21,14,0,0,0,0,0,2256.488,0.1040928906097506,1.1161871465453554,2518.662901933836,0
36,8,0,0,1,1,0,0.0,0.0467312167967828,1.049022078159063,0.0,0
21,13,0,0,0,0,0,0.0,0.0922519145784787,1.1016272202167638,0.0,0
41,7,0,0,1,1,0,0.0,0.0427260671811646,1.0446330624039364,0.0,0
18,7,0,0,0,1,0,642.8111,0.0828087855323913,1.0902851926906632,700.8474240271971,0
39,9,0,0,0,1,0,5752.79,0.1225391806731706,1.1396520254513247,6556.178775496126,0
19,3,0,0,1,1,0,0.0,0.0214308219896966,1.021900160429405,0.0,0
32,13,0,0,1,0,0,15353.58,0.0436395816943129,1.0456308948582649,16054.177594677958,0
16,9,0,0,0,1,0,4112.513,0.1040476590527215,1.116130796580891,4590.10241063927,0
16,7,0,0,0,1,0,6210.885,0.0815987994503217,1.0888487508525506,6762.714373938844,0
21,9,1,0,0,1,0,1223.558,0.6813727190325857,3.1384632130802035,3840.091772069988,0
22,12,0,0,1,0,0,14289.62,0.0355282994614969,1.0368370574705923,14816.007553172927,0
23,11,0,1,1,1,0,4776.012,0.118604380903013,1.1345642959112123,5418.692692043501,0
17,8,1,0,0,1,0,0.0,0.6443100644050774,2.81143743448184,0.0,0
21,8,0,0,1,1,0,8844.194,0.041655683743093,1.0434663022845394,9228.61840986711,0
18,10,0,0,0,1,0,0.0,0.1188768428665871,1.1349151272488776,0.0,0
24,12,0,0,1,0,0,8547.171,0.0360819697826868,1.0374326121636632,8867.11393713951,0
24,12,1,0,1,0,0,1273.8,0.3983889645594209,1.662203551947261,2117.314884470421,0
16,9,0,0,0,1,0,3707.616,0.1040476590527215,1.116130796580891,4138.184399496057,0
20,8,0,0,1,1,0,5551.819,0.0413367358894286,1.0431191404082645,5791.20866298227,0
42,8,0,0,0,1,0,14116.72,0.1112105286590143,1.1251258394085413,15883.086439695342,0
17,8,0,1,0,1,0,18891.26,0.1727067377402156,1.2087612043019187,22835.022188380663,0
19,8,0,1,0,1,0,18510.0,0.1750102712907509,1.2121363032780614,22436.64297367692,0
17,9,1,0,0,1,0,54.67588,0.6743687586603566,3.070958412608112,167.90735365275157,0
21,14,0,0,0,0,0,7698.955,0.1040928906097506,1.1161871465453554,8593.474612831096,0
16,9,1,0,0,1,0,3983.951,0.6726053688504289,3.0544178335751244,12168.650982489453,0
23,13,1,0,0,0,0,582.2243,0.646256586919386,2.826907761451693,1645.894392575779,0
16,9,0,0,0,1,0,1725.985,0.1040476590527215,1.116130796580891,1926.4250129366687,0
17,11,0,1,0,1,0,5173.521,0.2377795530390931,1.3119564083949171,6787.434029915681,0
46,7,0,0,0,1,0,0.0,0.1015381006710558,1.1130132515879572,0.0,0
32,10,0,0,1,1,0,8245.714,0.058426721289012,1.062052229614033,8757.378938459646,0
18,11,0,0,0,1,0,7503.896,0.1336321656129811,1.1542441447027287,8661.328020458228,0
23,12,0,1,1,0,0,0.0,0.0703787278651033,1.075706881904151,0.0,0
18,10,0,0,1,1,0,14053.18,0.0525482288048028,1.0554626952024313,14832.607238964903,0
19,10,1,0,0,1,0,0.0,0.706395215260376,3.4059390445112285,0.0,0
16,7,1,0,0,1,0,6145.865,0.6111647659849555,2.5717833995499206,15805.833582874871,0
26,7,0,0,1,1,0,650.1997,0.0380681665888935,1.0395747029744302,675.9311600015636,0
16,10,0,0,0,1,0,2136.793,0.1172071846875918,1.1327686209658536,2420.492059899489,0
17,10,0,0,0,1,0,6423.677,0.1180394567624366,1.13383757092934,7283.406326114669,0
17,10,0,0,0,1,0,1483.637,0.1180394567624366,1.13383757092934,1682.2033722208932,0
23,8,0,0,1,1,0,0.0,0.0423006547280166,1.0441690337754208,0.0,0
29,12,0,0,1,0,0,9473.705,0.0375027104761118,1.038963964765722,9842.838107820844,0
17,10,0,0,0,1,0,10301.23,0.1180394567624366,1.13383757092934,11679.921600784444,0
49,8,0,0,1,1,0,14963.46,0.0516008317029552,1.0544083476956336,15777.597134409703,0
20,10,0,0,1,1,0,15363.92,0.0533524640662623,1.0563593756293228,16229.820938418865,0
40,16,0,0,1,0,0,0.0,0.0677772018521845,1.0727049391914116,0.0,0
19,10,0,0,0,1,0,675.321,0.1197193631088696,1.1360013592161702,767.1655739072233,0
18,11,0,0,0,1,0,1421.573,0.1336321656129811,1.1542441447027287,1640.8423115174924,0
16,6,1,0,0,1,0,0.0,0.5789147905891537,2.374816254883737,0.0,0
22,8,0,0,1,1,0,209.8372,0.0419769847913041,1.0438162592389912,219.03148115318405,0
31,12,1,0,1,0,0,11023.84,0.4119162333750665,1.7004380272883428,18745.35674274233,0
20,11,0,0,1,1,0,6280.338,0.0605334640855594,1.0644338694050857,6685.004478511797,0
17,11,0,1,0,1,0,1913.656,0.2377795530390931,1.3119564083949171,2510.633252663384,0
50,12,0,0,1,0,0,25564.67,0.0440778398281142,1.0461102814272958,26743.464128295946,0
49,14,0,0,1,0,0,25564.67,0.0564147163682403,1.0597876178728711,27093.12072100605,0
47,9,0,0,1,1,0,25564.67,0.0576826946744581,1.061213663750482,27129.57711327204,0
34,11,0,1,1,1,0,0.0,0.1281401268357812,1.1469733047476145,0.0,0
22,8,1,0,1,1,0,959.0445,0.4366621794036712,1.7751337890671648,1702.4322971690244,0
27,12,0,0,1,0,0,12593.19,0.0369280743881486,1.0383440461777431,13076.063858885092,0
30,10,0,0,1,1,0,11563.21,0.0575506467610837,1.061064975601394,12269.317136523792,0
52,12,0,0,1,0,0,25564.67,0.0447585624377845,1.0468557588456473,26762.52201248856,0
43,12,0,0,1,0,0,16860.86,0.0417722903501893,1.0435932815650415,17595.88021740875,0
27,9,0,1,1,1,0,0.0,0.0960922336077525,1.1063075649756655,0.0,0
35,13,0,0,0,0,0,11269.14,0.1020933923469034,1.1137015714961158,12550.458927409738,0
45,12,0,0,1,0,0,12108.49,0.0424189868851877,1.0442980659643697,12644.872688748908,0
22,11,1,0,1,1,0,9088.018,0.5366722267109445,2.1582992810925923,19614.66271595654,0
22,12,0,0,1,0,0,3342.618,0.0355282994614969,1.0368370574705923,3465.750211368237,0
23,11,0,0,1,1,0,4183.444,0.0619161142221137,1.0660027479000678,4459.562799686051,0
55,7,0,0,1,1,0,0.0,0.047560926955608,1.0499359258787897,0.0,0
26,14,0,0,0,0,0,0.0,0.1078918412107878,1.120940314408985,0.0,0
34,12,0,0,0,0,0,6032.08,0.0897993075804896,1.0986587994585937,6627.197771038193,0
22,11,0,0,0,1,0,5748.356,0.1373895790754921,1.159271874930799,6663.9074378897085,0
31,12,0,0,0,0,0,4094.78,0.0878523098568873,1.0963136899936716,4489.163371512287,0
19,12,0,0,0,0,0,2160.436,0.0804408199252073,1.0874775889015265,2349.4257322560584,0
24,10,0,0,1,1,0,5040.525,0.0549958949994184,1.0581964614845611,5333.865719024468,0
36,12,0,0,1,0,0,0.0,0.0395823421462134,1.0412136759695432,0.0,0
20,9,0,0,1,1,0,15892.95,0.046980735699975,1.0492967324584792,16676.42050412599,0
23,8,0,0,1,1,0,0.0,0.0423006547280166,1.0441690337754208,0.0,0
35,11,0,0,1,1,0,21963.45,0.0677465573061855,1.072669677797517,23559.52683482188,0
23,12,0,0,0,0,0,16324.45,0.0828456378743853,1.0903290016332483,17799.02127071188,0
29,10,0,0,0,1,0,251.2135,0.1284313026573745,1.1473564884201968,288.2314392037472,0
24,9,0,0,1,1,0,818.6605,0.0484379392201027,1.050903604942386,860.3332706739362,0
18,10,0,0,0,1,0,0.0,0.1188768428665871,1.1349151272488776,0.0,0
45,8,1,0,0,1,0,31.03226,0.6939501875136639,3.267441962718556,101.39610852199252,0
21,13,0,1,0,0,0,17627.8,0.1716329570297462,1.207194333099403,21280.18026500965,0
29,13,0,0,1,0,0,14339.86,0.0426465109301077,1.0445462532042793,14978.647034473915,0
21,15,0,0,0,0,0,1717.118,0.1172573882536656,1.132833044075775,1945.2080109773065,0
22,16,1,0,0,0,0,116.7404,0.7303262051434033,3.708183809746015,432.8948612232736,0
24,12,1,0,1,0,0,2448.593,0.3983889645594209,1.662203551947261,4070.0599818732,0
20,14,0,0,0,0,0,2813.591,0.1033474301766329,1.1152591691082665,3137.883160870496,0
19,6,1,0,0,1,0,14998.92,0.5847678205315328,2.4082911909189835,36121.76690929856,0
19,9,0,1,0,1,0,3372.172,0.1951895788760444,1.2425286424639643,4190.020297314992,0
19,12,1,0,0,0,0,0.0,0.6074624202113762,2.5475267884886,0.0,0
20,13,0,0,0,0,0,913.235,0.0915825847639331,1.10081553174554,1005.3032721336382,0
19,12,1,0,0,0,0,0.0,0.6074624202113762,2.5475267884886,0.0,0
26,5,0,0,1,1,0,3700.227,0.0293878167833953,1.0302776096277757,3812.2610286401546,0
26,9,0,1,0,1,0,2862.356,0.2041586354724914,1.2565318222604582,3596.6414006381565,0
23,12,0,0,0,0,0,0.0,0.0828456378743853,1.0903290016332483,0.0,0
20,9,0,1,0,1,0,12618.31,0.1964523661196366,1.2444812949930055,15703.250769423192,0
20,10,0,0,0,1,0,6290.682,0.1205670375132774,1.137096336680805,7153.111457423879,0
36,11,0,0,1,1,0,0.0,0.0682547709737516,1.0732547576820797,0.0,0
39,12,0,0,1,0,0,1202.869,0.0405070794146074,1.0422171738274983,1253.650729664709,0
17,9,1,0,0,1,0,422.6298,0.6743687586603566,3.070958412608112,1297.8785397288834,0
55,3,0,0,0,1,0,0.0,0.0663819300238318,1.0711018050727386,0.0,0
28,8,0,0,1,1,0,19516.33,0.0439550925433008,1.0459759705851388,20413.612214009863,0
19,12,0,1,0,0,0,8923.991,0.1513532003436573,1.1783465163657572,10515.55370692937,0
37,7,0,0,1,1,0,0.0,0.0414332170952797,1.0432241319376057,0.0,0
16,9,0,0,1,1,0,15997.87,0.0455652713976342,1.0477405840673444,16761.617657633447,0
17,10,0,0,0,1,0,9438.24,0.1180394567624366,1.13383757092934,10701.431115448131,0
24,12,1,0,0,0,0,2284.565,0.6169808427234132,2.610835466064893,5964.623326530543,0
19,11,0,0,0,1,0,3406.16,0.1345632911793982,1.1554859989273834,3935.770190106496,0
50,5,1,0,1,1,0,9166.338,0.3936821621856097,1.6492999836599334,15118.041113621426,0
19,9,1,0,0,1,0,0.0,0.6778807292433335,3.104440158612598,0.0,0
36,1,1,0,0,1,0,0.0,0.4524555228689649,1.826335652657284,0.0,0
18,11,0,0,0,1,0,7722.599,0.1336321656129811,1.1542441447027287,8913.764677637148,0
16,7,0,1,0,1,0,7515.717,0.1533617447858232,1.181141997590254,8877.12899070303,0
21,11,0,0,1,1,0,6708.879,0.0609911074450898,1.064952640947991,7144.638408850517,0
55,6,0,0,1,1,0,0.0,0.0418502870509948,1.0436782336678758,0.0,0
37,12,0,0,0,0,0,877.7696,0.0917851130466709,1.1010610092007749,966.4778816217604,0
26,12,0,1,1,0,0,0.0,0.071969027578711,1.0775502431680049,0.0,0
54,12,0,0,1,0,0,0.0,0.0454492980545715,1.047613288599488,0.0,0
50,12,0,0,1,0,0,0.0,0.0440778398281142,1.0461102814272958,0.0,0
16,8,0,0,0,1,0,2559.422,0.092211298712085,1.1015779317161154,2819.4027931487235,0
16,9,0,1,0,1,0,0.0,0.1914381460987369,1.2367637617024094,0.0,0
18,10,1,0,0,1,0,2281.61,0.7047293211130307,3.386723001991009,7727.181068572707,0
40,11,1,0,1,1,0,0.0,0.5723130292910499,2.3381586732519866,0.0,0
16,8,0,0,0,1,0,0.0,0.092211298712085,1.1015779317161154,0.0,0
16,9,1,0,0,1,0,2158.959,0.6726053688504289,3.0544178335751244,6594.362871557517,0
26,14,0,0,0,0,0,6717.745,0.1078918412107878,1.120940314408985,7530.191192419386,0
20,9,1,0,0,1,0,6083.8,0.6796292391330444,3.1213834786105297,18989.87280717074,0
20,12,1,0,0,0,0,0.0,0.6093729055613574,2.5599862739605075,0.0,0
18,11,1,0,0,1,0,0.0,0.7318074234210205,3.728663980024488,0.0,0
46,11,1,0,1,1,0,2820.98,0.5840468241223552,2.4041167563873973,6781.96528743372,0
17,8,1,0,0,1,0,12760.17,0.6443100644050774,2.81143743448184,35874.41960835214,0
16,9,0,0,0,1,0,4974.028,0.1040476590527215,1.116130796580891,5551.665833855657,0
30,10,0,0,1,1,0,3151.991,0.0575506467610837,1.061064975601394,3344.467253510813,0
33,12,0,1,1,0,0,5841.453,0.0758093777082164,1.0820278586253411,6320.614880850575,0
34,12,1,0,1,0,0,18716.88,0.4177559139350718,1.7174927559306907,32146.105813624028,0
21,13,1,0,0,0,0,17941.08,0.6425816204504561,2.797841569480296,50196.29942537155,0
29,11,0,0,1,1,0,0.0,0.0647703010329407,1.0692560352868157,0.0,0
19,12,0,0,0,0,0,0.0,0.0804408199252073,1.0874775889015265,0.0,0
31,4,0,1,0,1,0,1161.493,0.1202714978324068,1.136714335770713,1320.2857439973327,0
19,12,0,1,0,0,0,18573.55,0.1513532003436573,1.1783465163657572,21886.077939045208,0
20,12,1,0,0,0,0,11594.24,0.6093729055613574,2.5599862739605075,29681.095257003875,0
55,4,1,0,0,1,0,0.0,0.5898339394768798,2.438036922715189,0.0,0
19,11,1,0,0,1,0,16485.52,0.7333783437683894,3.750633066097653,61831.136423814176,0
18,11,1,0,0,1,0,7146.286,0.7318074234210205,3.728663980024488,26646.09919915328,0
48,13,0,0,1,0,0,0.0,0.0493191253879923,1.0518776875658935,0.0,0
16,9,0,1,1,1,0,6821.186,0.0886987538730408,1.0973319791342453,7485.105533422806,0
17,10,1,0,0,1,0,0.0,0.7030579481314871,3.367660436463893,0.0,0
38,12,0,0,1,0,0,18756.78,0.0401965572780209,1.0418799886401997,19542.31373332672,0
34,8,0,0,1,1,0,2664.341,0.046021937972943,1.0482421344943231,2792.87449686074,0
53,12,0,0,0,0,0,0.0,0.1030554256764853,1.1148960912709804,0.0,0
48,14,0,0,1,0,0,7236.427,0.05598936422319,1.0593100989557362,7665.620201455961,0
16,9,0,0,0,1,0,6494.608,0.1040476590527215,1.116130796580891,7248.832000520628,0
17,8,1,0,0,1,0,4520.366,0.6443100644050774,2.81143743448184,12708.726189958938,0
27,14,1,0,0,0,0,10122.43,0.6832161375477154,3.1567264577772627,31953.74259799829,0
37,8,1,0,0,1,0,648.722,0.6801585258569048,3.126548871371841,2028.261036934084,0
17,10,1,0,0,1,0,1053.619,0.7030579481314871,3.367660436463893,3548.23102140665,0
16,8,0,0,0,1,0,0.0,0.092211298712085,1.1015779317161154,0.0,0
48,12,0,0,1,0,0,1491.026,0.0434069997238089,1.045376664591186,1558.6837866987378,0
55,7,0,0,0,1,0,0.0,0.1083140305337178,1.1214710494980078,0.0,0
21,15,0,0,0,0,0,0.0,0.1172573882536656,1.132833044075775,0.0,0
16,10,1,0,0,1,0,1730.418,0.701381123245319,3.348750122121422,5794.737488821107,0
23,12,0,0,0,0,0,3902.676,0.0828456378743853,1.0903290016332483,4255.200826778039,0
46,11,1,0,1,1,0,0.0,0.5840468241223552,2.4041167563873973,0.0,0
17,10,0,0,0,1,0,14942.77,0.1180394567624366,1.13383757092934,16942.674039755813,0
42,16,0,0,0,0,0,23764.8,0.1523389694712661,1.1797168490525556,28035.73497436417,0
18,10,1,0,0,1,0,5306.516,0.7047293211130307,3.386723001991009,17971.69979763332,0
53,12,1,0,0,0,0,0.0,0.6702472555972687,3.0325752157461565,0.0,0
17,10,0,0,1,1,0,3859.822,0.0521504177604559,1.055019719096396,4072.188322202089,0
17,6,0,0,0,1,0,0.0,0.072649060868829,1.0783404187166656,0.0,0
43,6,0,0,1,1,0,0.0,0.0381573225059589,1.0396710640926985,0.0,0
34,12,1,0,0,0,0,0.0,0.6357448754269841,2.7453285692883846,0.0,0
16,8,0,1,0,1,0,12242.96,0.1715639973541273,1.207093845277346,14778.401663976736,0
27,12,0,0,1,0,0,1533.88,0.0369280743881486,1.0383440461777431,1592.6951655511168,0
51,4,1,0,0,1,0,0.0,0.5820520541303801,2.3926424567521454,0.0,0
39,2,1,0,1,1,0,964.9555,0.2846031400072619,1.3978255370175248,1348.8394399855142,0
55,8,0,0,1,1,0,0.0,0.0540068841512696,1.0570901449983765,0.0,0
16,9,0,0,0,1,0,5551.819,0.1040476590527215,1.116130796580891,6196.556162942927,0
27,10,1,0,0,1,0,7543.794,0.7195220726924453,3.565342947302452,26896.21273380256,0
25,14,0,0,0,0,0,0.0,0.1071224276262517,1.1199743738007248,0.0,0
18,11,0,0,0,1,0,10150.5,0.1336321656129811,1.1542441447027287,11716.155190805048,0
24,1,0,1,1,1,0,19464.61,0.0343366407274957,1.035557568170924,20156.72419699545,0
21,18,0,0,0,0,0,0.0,0.1656204291117404,1.1984953070404458,0.0,0
32,5,1,0,1,1,0,187.6713,0.359806935486744,1.5620287932364718,293.14797426411985,0
16,9,0,0,0,1,0,1495.459,0.1040476590527215,1.116130796580891,1669.1278449240629,0
