Sex,Age,SibSp,Parch,Fare,Embarked,Deck,Title,Pclass_over_1,Survived,e,wt,v,TE
male,22,1,0,7.25,S,Unknown,Mr,0,0,0.05031630460113239,1.0529821716903327,0.0,0
female,38,1,0,71.2833,C,C,Mr,1,1,0.999907108088971,1.0000929005407377,1.0000929005407377,0
female,26,0,0,7.925,S,Unknown,Miss,0,1,0.32434998508129953,1.4800562094567968,1.4800562094567968,0
female,35,1,0,53.1,S,C,Mr,1,1,0.9991653580027616,1.000835339206422,1.000835339206422,0
male,35,0,0,8.05,S,Unknown,Mr,0,0,0.20954584090349226,1.2650955004690012,0.0,0
male,33,0,0,8.4583,Q,Unknown,Mr,0,0,0.03122269074583284,1.0322289657773573,0.0,0
male,54,0,0,51.8625,S,E,Mr,1,0,0.9990814029272944,1.0009194416691314,0.0,0
male,2,3,1,21.075,S,Unknown,Master,0,0,0.04484701423645882,1.0469527027658387,0.0,0
female,27,0,2,11.1333,S,Unknown,Mr,0,1,0.13901832848675766,1.1614649104462609,1.1614649104462609,0
female,14,1,0,30.0708,C,Unknown,Mr,1,1,0.6156241153370124,1.6243678164760778,1.6243678164760778,0
female,4,1,1,16.7,S,G,Miss,0,1,0.1925740990386093,1.238503742336373,1.238503742336373,0
female,58,0,0,26.55,S,C,Miss,1,1,0.9932587585633584,1.0067869942031944,1.0067869942031944,0
male,20,0,0,8.05,S,Unknown,Mr,0,0,0.13996526489844496,1.1627437348584735,0.0,0
male,39,1,5,31.275,S,Unknown,Mr,0,0,0.05928334551885674,1.0630193430045678,0.0,0
female,14,0,0,7.8542,S,Unknown,Miss,0,0,0.243299827222442,1.3215273842602429,0.0,0
female,55,0,0,16.0,S,Unknown,Mr,1,1,0.7996293633141509,1.250579388249815,1.250579388249815,0
male,2,4,1,29.125,Q,Unknown,Master,0,0,0.006449196865206297,1.0064910589824478,0.0,0
male,31,0,0,13.0,S,Unknown,Mrs,1,1,0.4474287451156038,2.234992746703447,2.234992746703447,0
female,31,1,0,18.0,S,Unknown,Mr,0,0,0.45782359124734606,1.844418133759504,0.0,0
female,33,0,0,7.225,C,Unknown,Mr,0,1,0.22669467883687497,1.2931502895853666,1.2931502895853666,0
male,35,0,0,26.0,S,Unknown,Mr,1,0,0.7911423369814611,1.2639950527934307,0.0,0
male,34,0,0,13.0,S,D,Mr,1,1,0.8395506995568593,1.1911132949181398,1.1911132949181398,0
female,15,0,0,8.0292,Q,Unknown,Miss,0,1,0.039968272264021124,1.0416322410075731,1.0416322410075731,0
male,28,0,0,35.5,S,A,Mr,1,1,0.9874866488076247,1.0126719193697302,1.0126719193697302,0
female,8,3,1,21.075,S,Unknown,Miss,0,0,0.0334046828417272,1.0345591192598933,0.0,0
female,38,1,5,31.3875,S,Unknown,Mr,0,1,0.13045298385467172,1.1500240716516577,1.1500240716516577,0
male,33,0,0,7.225,C,Unknown,Mr,0,0,0.10810134350445783,1.1212036173809374,0.0,0
male,19,3,2,263.0,S,C,Mr,1,0,0.9999999999999956,1.0000000000000044,0.0,0
female,21,0,0,7.8792,Q,Unknown,Miss,0,1,0.04715828017939954,1.0494922495504062,1.0494922495504062,0
male,33,0,0,7.8958,S,Unknown,Mr,0,0,0.19535752924992308,1.2427879913768576,0.0,0
male,40,0,0,27.7208,C,Unknown,Royalty,1,0,0.9493235382733681,1.0533816551297173,0.0,0
female,33,1,0,146.5208,C,B,Mr,1,1,0.9999999992821964,1.0000000007178036,1.0000000007178036,0
female,21,0,0,7.75,Q,Unknown,Miss,0,1,0.046305546222137485,1.0485538591932748,1.0485538591932748,0
male,66,0,0,10.5,S,Unknown,Royalty,1,0,0.8605521881194056,1.1620445730146065,0.0,0
male,28,1,0,82.1708,C,Unknown,Mr,1,0,0.9995747365496107,1.0004254443763327,0.0,0
male,42,1,0,52.0,S,Unknown,Mr,1,0,0.9871687366921242,1.012998044641154,0.0,0
male,33,0,0,7.2292,C,Unknown,Mr,0,1,0.108161355175386,1.1212790629819103,1.1212790629819103,0
male,21,0,0,8.05,S,Unknown,Mr,0,0,0.1439268138492335,1.1681244269504383,0.0,0
female,18,2,0,18.0,S,Unknown,Miss,0,0,0.16262219739536052,1.1942040938863305,0.0,0
female,14,1,0,11.2417,C,Unknown,Officer,0,1,0.3795052385220066,1.6116171514777022,1.6116171514777022,0
female,40,1,0,9.475,S,Unknown,Mr,0,0,0.2424246527046919,1.3200007148730424,0.0,0
female,27,1,0,21.0,S,Unknown,Mr,1,0,0.5362525975454624,1.8647928319176525,0.0,0
male,33,0,0,7.8958,C,Unknown,Mr,0,0,0.11806355059557164,1.1338685465095586,0.0,0
female,3,1,2,41.5792,C,Unknown,Miss,1,1,0.5657559689277902,1.7675465305212434,1.7675465305212434,0
female,19,0,0,7.8792,Q,Unknown,Miss,0,1,0.04431969402713561,1.0463750207576152,1.0463750207576152,0
male,33,0,0,8.05,S,Unknown,Mr,0,0,0.1989738390565327,1.2483986775440352,0.0,0
male,33,1,0,15.5,Q,Unknown,Mr,0,0,0.030462228174677735,1.031419331004843,0.0,0
female,38,0,0,7.75,Q,Unknown,Officer,0,1,0.3391897970950776,1.5132938256764181,1.5132938256764181,0
male,33,2,0,21.6792,C,Unknown,Mr,0,0,0.10849279148216162,1.1216959217441826,0.0,0
female,18,1,0,17.8,S,Unknown,Mr,0,0,0.3494181144022056,1.5370855262610623,0.0,0
male,7,4,1,39.6875,S,Unknown,Master,0,0,0.23021854031416547,1.2990699989164756,0.0,0
male,21,0,0,7.8,S,Unknown,Mr,0,0,0.13942293141792436,1.1620109767131532,0.0,0
female,49,1,0,76.7292,C,D,Mr,1,1,0.9999796847860316,1.0000203156266847,1.0000203156266847,0
female,29,1,0,26.0,S,Unknown,Mr,1,1,0.7213414576657455,1.386306012739086,1.386306012739086,0
male,65,0,1,61.9792,C,B,Mr,1,0,0.9998725504463009,1.0001274657991583,0.0,0
male,33,0,0,35.5,S,C,Mr,1,1,0.9900533004998002,1.0100466303129119,1.0100466303129119,0
female,21,0,0,10.5,S,Unknown,Miss,1,1,0.37402793132450246,2.6735971200300845,2.6735971200300845,0
male,28,0,0,7.2292,C,Unknown,Mr,0,0,0.09344328923829019,1.103074951769732,0.0,0
female,5,1,2,27.75,S,Unknown,Miss,1,1,0.2452688540529595,4.077158528184242,4.077158528184242,0
male,11,5,2,46.9,S,Unknown,Master,0,0,0.13413133126992174,1.1549095562802205,0.0,0
male,22,0,0,7.2292,C,Unknown,Mr,0,0,0.07817076902955974,1.0847996205840282,0.0,0
female,38,0,0,80.0,S,B,Miss,1,1,0.9999978447891462,1.0000021552154987,1.0000021552154987,0
male,45,1,0,83.475,S,C,Mr,1,0,0.9999837942026106,1.0000162060600215,0.0,0
male,4,3,2,27.9,S,Unknown,Master,0,0,0.05895754711514874,1.0626513149692758,0.0,0
male,33,0,0,27.7208,C,Unknown,Mr,1,0,0.7163433337735571,1.3959786499752778,0.0,0
male,4,1,1,15.2458,C,Unknown,Master,0,1,0.08988379948942543,1.0987607949831029,1.0987607949831029,0
female,29,0,0,10.5,S,F,Mr,1,1,0.7711494203786995,1.296765547082841,1.296765547082841,0
male,19,0,0,8.1583,S,Unknown,Mr,0,0,0.13799302591059548,1.1600834216641538,0.0,0
female,17,4,2,7.925,S,Unknown,Miss,0,1,0.001029953918167981,1.0010310158169484,1.0010310158169484,0
male,26,2,0,8.6625,S,Unknown,Mr,0,0,0.024912445297181948,1.025548931659552,0.0,0
male,32,0,0,10.5,S,Unknown,Mr,1,0,0.25687907296264095,3.8928823141051834,0.0,0
female,16,5,2,46.9,S,Unknown,Miss,0,0,0.09939985545103741,1.1103706856507543,0.0,0
male,21,0,0,73.5,S,Unknown,Mr,1,0,0.9996345760544111,1.0003655575290635,0.0,0
male,26,1,0,14.4542,C,Unknown,Mr,0,0,0.08821410431658773,1.0967487046402142,0.0,0
male,32,0,0,56.4958,S,Unknown,Mr,0,1,0.9968353105646045,315.9867722928802,315.9867722928802,0
male,25,0,0,7.65,S,F,Mr,0,0,0.44503065003976944,1.8019013123367273,0.0,0
male,33,0,0,7.8958,S,Unknown,Mr,0,0,0.19535752924992308,1.2427879913768576,0.0,0
male,33,0,0,8.05,S,Unknown,Mr,0,0,0.1989738390565327,1.2483986775440352,0.0,0
male,0,0,2,29.0,S,Unknown,Master,1,1,0.6151326322226763,1.6256656656088482,1.6256656656088482,0
female,30,0,0,12.475,S,Unknown,Miss,0,1,0.5175904188379579,2.0729273195428064,2.0729273195428064,0
male,22,0,0,9.0,S,Unknown,Mr,0,0,0.16662048954460343,1.199933508628685,0.0,0
male,29,0,0,9.5,S,Unknown,Mr,0,1,0.2128222077534027,1.2703610414948447,1.2703610414948447,0
female,21,0,0,7.7875,Q,Unknown,Miss,0,1,0.04655152773086145,1.0488243770741719,1.0488243770741719,0
male,28,0,0,47.1,S,Unknown,Mr,1,0,0.985660997942389,1.0145476001257474,0.0,0
female,17,0,0,10.5,S,Unknown,Miss,1,1,0.34409786116706914,2.906150002235765,2.906150002235765,0
female,33,3,0,15.85,S,Unknown,Mr,0,1,0.0717512961559875,1.077297491349953,1.077297491349953,0
male,16,1,3,34.375,S,Unknown,Mr,0,0,0.18580107512130734,1.228201081386824,0.0,0
male,33,0,0,8.05,S,Unknown,Mr,0,0,0.1989738390565327,1.2483986775440352,0.0,0
female,23,3,2,263.0,S,C,Miss,1,1,0.9999999999999984,1.0000000000000016,1.0000000000000016,0
male,24,0,0,8.05,S,Unknown,Mr,0,0,0.15637273732116547,1.1853576149550016,0.0,0
male,29,0,0,8.05,S,Unknown,Mr,0,0,0.17904509479636277,1.2180937024207812,0.0,0
male,20,0,0,7.8542,S,Unknown,Officer,0,0,0.49562150664360943,1.9826380648102027,0.0,0
male,46,1,0,61.175,S,E,Mr,1,0,0.9991268461433934,1.000873916920536,0.0,0
male,26,1,2,20.575,S,Unknown,Mr,0,0,0.08248410216448253,1.0898993710725537,0.0,0
male,59,0,0,7.25,S,Unknown,Mr,0,0,0.3394978926143296,1.5139997114590509,0.0,0
male,33,0,0,8.05,S,Unknown,Mr,0,0,0.1989738390565327,1.2483986775440352,0.0,0
male,71,0,0,34.6542,C,A,Mr,1,0,0.9936087071548381,1.0064324042242576,0.0,0
male,23,0,1,63.3583,C,D,Mr,1,1,0.9993737170136862,1.000626675462494,1.000626675462494,0
female,34,0,1,23.0,S,Unknown,Mr,1,1,0.721158967874403,1.386656818464691,1.386656818464691,0
male,34,1,0,26.0,S,Unknown,Mr,1,0,0.5573834831399314,1.7940969372946949,0.0,0
female,28,0,0,7.8958,S,Unknown,Miss,0,0,0.3377978423933991,1.5101128688772367,0.0,0
male,33,0,0,7.8958,S,Unknown,Mr,0,0,0.19535752924992308,1.2427879913768576,0.0,0
male,21,0,1,77.2875,S,D,Mr,1,0,0.999953178498296,1.0000468236940596,0.0,0
male,33,0,0,8.6542,S,Unknown,Mr,0,0,0.21362672413507683,1.2716607121473085,0.0,0
male,37,2,0,7.925,S,Unknown,Mr,0,0,0.031718418687637556,1.0327574326516136,0.0,0
male,28,0,0,7.8958,S,Unknown,Mr,0,0,0.1710499238889226,1.2063452659192497,0.0,0
female,21,0,0,7.65,S,Unknown,Miss,0,1,0.28145937170625673,1.3917097525502689,1.3917097525502689,0
male,33,0,0,7.775,S,Unknown,Mr,0,1,0.19255944431671967,1.2384812639907221,1.2384812639907221,0
male,38,0,0,7.8958,S,Unknown,Mr,0,0,0.2221935449207169,1.2856668821269532,0.0,0
female,21,1,0,24.15,Q,Unknown,Miss,0,1,0.15922728463227762,1.1893820787971665,1.1893820787971665,0
male,47,0,0,52.0,S,C,Mr,1,0,0.999447530875204,1.0005527745156488,0.0,0
female,14,1,0,14.4542,C,Unknown,Miss,0,0,0.13932737554080077,1.1618819648508592,0.0,0
male,22,0,0,8.05,S,Unknown,Mr,0,0,0.14798119666670378,1.1736830174261024,0.0,0
female,20,1,0,9.825,S,Unknown,Miss,0,0,0.15235363903288704,1.1797372655019256,0.0,0
female,17,0,0,14.4583,C,Unknown,Miss,0,0,0.3420999510354838,1.5199877269714797,0.0,0
male,21,0,0,7.925,S,Unknown,Mr,0,0,0.14165992804568592,1.1650393971740678,0.0,0
male,70,0,0,7.75,Q,Unknown,Mr,0,0,0.08815989450047834,1.0966835018209502,0.0,0
male,29,1,0,21.0,S,Unknown,Mr,1,0,0.33784933562197556,2.9598992644428765,0.0,0
male,24,0,1,247.5208,C,B,Mr,1,0,0.9999999999999993,1.0000000000000007,0.0,0
female,2,4,2,31.275,S,Unknown,Miss,0,0,0.01973238139862866,1.0201295860683253,0.0,0
male,21,2,0,73.5,S,Unknown,Mr,1,0,0.996910314953272,1.0030992607864357,0.0,0
male,33,0,0,8.05,S,Unknown,Mr,0,0,0.1989738390565327,1.2483986775440352,0.0,0
male,32,1,0,30.0708,C,Unknown,Mr,1,0,0.5432164392141343,1.8408868506385592,0.0,0
female,32,0,0,13.0,S,E,Miss,1,1,0.8058570787307616,1.2409148301768556,1.2409148301768556,0
male,54,0,1,77.2875,S,D,Mr,1,0,0.9999839939949052,1.000016006261291,0.0,0
male,12,1,0,11.2417,C,Unknown,Officer,0,1,0.19155814501457316,1.2369473374408926,1.2369473374408926,0
male,33,0,0,7.75,Q,Unknown,Mr,0,0,0.02819988849371115,1.029018198454414,0.0,0
male,24,0,0,7.1417,S,Unknown,Mr,0,1,0.13942872446833768,1.1620187989451523,1.1620187989451523,0
female,21,1,1,22.3583,C,E,Miss,0,1,0.5000389616248582,2.000155858644445,2.000155858644445,0
male,45,0,0,6.975,S,Unknown,Mr,0,0,0.23836530430340852,1.3129653962066414,0.0,0
male,33,0,0,7.8958,C,Unknown,Officer,0,0,0.4541732315898647,1.8320831037890728,0.0,0
male,20,0,0,7.05,S,Unknown,Mr,0,0,0.12306291740859758,1.1403326645110492,0.0,0
female,47,1,0,14.5,S,Unknown,Mr,0,0,0.4582896364250058,1.8460049266928236,0.0,0
female,29,1,0,26.0,S,Unknown,Mr,1,1,0.7213414576657455,1.386306012739086,1.386306012739086,0
male,25,0,0,13.0,S,Unknown,Mr,1,0,0.2850508715215692,3.5081457378541363,0.0,0
male,23,0,0,15.0458,C,Unknown,Mr,1,0,0.21809178837830756,4.585225365135594,0.0,0
female,19,0,2,26.2833,S,D,Miss,1,1,0.9216156248537927,1.0850510484331712,1.0850510484331712,0
male,37,1,0,53.1,S,C,Mr,1,0,0.9981104293798787,1.0018931478566908,0.0,0
male,16,0,0,9.2167,S,Unknown,Mr,0,0,0.14519083349649656,1.1698517507602106,0.0,0
male,24,0,0,79.2,C,B,Mr,1,0,0.9999828465444528,1.0000171537497933,0.0,0
female,33,0,2,15.2458,C,Unknown,Mr,0,0,0.16598966998412812,1.1990259161190115,0.0,0
female,22,0,0,7.75,S,Unknown,Miss,0,1,0.2911324284136009,1.410700728998035,1.410700728998035,0
female,24,1,0,15.85,S,Unknown,Mr,0,1,0.3284185263290931,1.489022611856662,1.489022611856662,0
male,19,0,0,6.75,Q,Unknown,Mr,0,0,0.01562124458243261,1.0158691403044413,0.0,0
male,18,0,0,11.5,S,Unknown,Officer,1,0,0.6124436925296023,1.632803165740278,0.0,0
male,19,1,1,36.75,S,Unknown,Mr,1,0,0.6335686376810198,1.57836095495539,0.0,0
male,27,0,0,7.7958,S,Unknown,Mr,0,1,0.16444113685577427,1.1968037730303989,1.1968037730303989,0
female,9,2,2,34.375,S,Unknown,Miss,0,0,0.25330219339796217,1.3392298613419698,0.0,0
male,36,0,2,26.0,S,F,Mr,1,0,0.7824783203906466,1.2779906790270654,0.0,0
male,42,0,0,13.0,S,Unknown,Officer,1,0,0.8116089434647671,1.232120478775147,0.0,0
male,51,0,0,12.525,S,Unknown,Officer,1,0,0.8432842285313339,1.18583979892711,0.0,0
female,22,1,0,66.6,S,C,Mr,1,1,0.9998275081422736,1.0001725216163004,1.0001725216163004,0
male,55,0,0,8.05,S,Unknown,Mr,0,0,0.33690573234310217,1.5080812016873382,0.0,0
male,40,0,2,14.5,S,Unknown,Mr,0,0,0.1436857223368886,1.1677955466642551,0.0,0
male,33,0,0,7.3125,S,Unknown,Mr,0,0,0.18212905967669693,1.2226867965313715,0.0,0
male,51,0,1,61.3792,C,Unknown,Mrs,1,0,0.9980231200422977,1.001980795753127,0.0,0
female,16,0,0,7.7333,Q,Unknown,Miss,0,1,0.03953642452084406,1.0411638978616342,1.0411638978616342,0
male,30,0,0,8.05,S,Unknown,Mr,0,0,0.18387626455350983,1.2253043951146865,0.0,0
male,33,0,0,8.6625,S,Unknown,Mr,0,0,0.21383338072165844,1.271994988693295,0.0,0
male,4,8,2,69.55,S,Unknown,Master,0,0,0.12531833602542514,1.1432730800094466,0.0,0
male,44,0,1,16.1,S,Unknown,Mr,0,0,0.3475034841606819,1.5325752333155096,0.0,0
female,40,0,0,15.75,S,Unknown,Mr,1,1,0.7024570931562814,1.4235744926523533,1.4235744926523533,0
male,26,0,0,7.775,S,Unknown,Mr,0,0,0.1596066871060962,1.1899190351199829,0.0,0
male,17,0,0,8.6625,S,Unknown,Mr,0,0,0.13914463794225584,1.1616353269957589,0.0,0
male,1,4,1,39.6875,S,Unknown,Master,0,0,0.1974604279913257,1.2460444754108542,0.0,0
male,9,0,2,20.525,S,Unknown,Master,0,1,0.3789570472012982,1.6101945855653712,1.6101945855653712,0
female,33,0,1,55.0,S,E,Mr,1,1,0.9989614843857639,1.0010395952501359,1.0010395952501359,0
female,45,1,4,27.9,S,Unknown,Mr,0,0,0.19810697527717197,1.2470491314544694,0.0,0
male,33,0,0,25.925,S,Unknown,Mr,1,0,0.7782777038873201,1.2848884080903609,0.0,0
male,28,0,0,56.4958,S,Unknown,Mr,0,0,0.9963971488978078,277.55795941485013,0.0,0
male,61,0,0,33.5,S,B,Mr,1,0,0.997530299616256,1.0024758149047643,0.0,0
male,4,4,1,29.125,Q,Unknown,Master,0,0,0.006879715593383331,1.0069273739560096,0.0,0
female,1,1,1,11.1333,S,Unknown,Miss,0,1,0.05077442189936401,1.0534903642198112,1.0534903642198112,0
male,21,0,0,7.925,S,Unknown,Mr,0,0,0.14165992804568592,1.1650393971740678,0.0,0
male,56,0,0,30.6958,C,A,Mr,1,0,0.9815127377316458,1.0188354787030882,0.0,0
male,18,1,1,7.8542,S,Unknown,Mr,0,0,0.022616458926060113,1.0231397992452476,0.0,0
male,4,3,1,25.4667,S,Unknown,Master,0,0,0.08763331799401262,1.0960505460385033,0.0,0
female,50,0,0,28.7125,C,C,Miss,1,0,0.9885425844789224,1.0115902093657574,0.0,0
male,30,0,0,13.0,S,Unknown,Mr,1,0,0.3193183956120625,3.131670501109784,0.0,0
male,36,0,0,0.0,S,Unknown,Mr,0,0,0.07671549777006126,1.0830897709046086,0.0,0
female,21,8,2,69.55,S,Unknown,Miss,0,0,0.1310542877897105,1.1508198797095792,0.0,0
male,33,0,0,15.05,C,Unknown,Mr,1,0,0.2786991388119863,3.588098636625539,0.0,0
male,9,4,2,31.3875,S,Unknown,Master,0,0,0.040715886766843554,1.042444033217245,0.0,0
male,1,2,1,39.0,S,F,Master,1,1,0.8932929133772268,1.1194536361195917,1.1194536361195917,0
female,4,0,2,22.025,S,Unknown,Miss,0,1,0.2817073500511561,1.3921902167190754,1.3921902167190754,0
male,33,0,0,50.0,S,A,Mr,1,0,0.9987449689872179,1.0012566080949121,0.0,0
female,33,1,0,15.5,Q,Unknown,Mr,0,1,0.07062563543765046,1.0759926657444534,1.0759926657444534,0
male,45,0,0,26.55,S,Unknown,Mr,1,1,0.8505077584920314,1.1757682278795687,1.1757682278795687,0
male,40,1,1,15.5,Q,Unknown,Mr,0,0,0.017628560911639772,1.0179449037402788,0.0,0
male,36,0,0,7.8958,S,Unknown,Mr,0,0,0.21115389740705864,1.2676743875807899,0.0,0
female,32,0,0,13.0,S,Unknown,Mr,1,1,0.5476952053483486,1.8258330367598774,1.8258330367598774,0
male,19,0,0,13.0,S,Unknown,Mr,1,0,0.24699401462802742,4.048681104706113,0.0,0
female,19,1,0,7.8542,S,Unknown,Miss,0,1,0.11498708730486912,1.12992701649369,1.12992701649369,0
male,3,1,1,26.0,S,F,Master,1,1,0.7912599126264248,1.2638072320392237,1.2638072320392237,0
female,44,0,0,27.7208,C,B,Mr,1,1,0.992459130528096,1.007598166251835,1.007598166251835,0
female,58,0,0,146.5208,C,B,Miss,1,1,0.9999999998930467,1.0000000001069533,1.0000000001069533,0
male,33,0,0,7.75,Q,Unknown,Mr,0,0,0.02819988849371115,1.029018198454414,0.0,0
male,42,0,1,8.4042,S,Unknown,Mr,0,0,0.1376076641164413,1.1595650359942684,0.0,0
female,21,0,0,7.75,Q,Unknown,Miss,0,1,0.046305546222137485,1.0485538591932748,1.0485538591932748,0
female,24,0,0,13.0,S,Unknown,Miss,1,0,0.4882546390136826,2.0481116206496024,0.0,0
male,28,0,0,9.5,S,Unknown,Mr,0,0,0.20742380488440962,1.2617083457246134,0.0,0
male,33,8,2,69.55,S,Unknown,Mr,0,0,0.08268448417982743,1.0901374529851915,0.0,0
male,34,0,0,6.4958,S,Unknown,Mr,0,0,0.16931855070979318,1.203830903957794,0.0,0
male,45,0,0,7.225,C,Unknown,Mr,0,0,0.15187725949736122,1.179074622391744,0.0,0
male,18,0,0,8.05,S,Unknown,Mr,0,1,0.13231611295221496,1.1524934540416654,1.1524934540416654,0
female,2,0,1,10.4625,S,G,Miss,0,0,0.20524458545688243,1.2582487413122838,0.0,0
male,32,1,0,15.85,S,Unknown,Mr,0,0,0.20778324580053212,1.262280802190931,0.0,0
male,26,0,0,18.7875,C,Unknown,Mr,0,1,0.3486758776084553,1.5353338923302586,1.5353338923302586,0
female,16,0,0,7.75,Q,Unknown,Miss,0,1,0.039630488541890475,1.0412658753417945,1.0412658753417945,0
male,40,0,0,31.0,C,A,Mr,1,1,0.9705920924715116,1.0302989358316368,1.0302989358316368,0
male,24,0,0,7.05,S,Unknown,Mr,0,0,0.13780649100668374,1.159832438506275,0.0,0
female,35,0,0,21.0,S,Unknown,Miss,1,1,0.81699224671021,1.224001823795402,1.224001823795402,0
male,22,0,0,7.25,S,Unknown,Mr,0,0,0.13365143075365832,1.1542698118263472,0.0,0
male,30,0,0,13.0,S,Unknown,Mr,1,0,0.3193183956120625,3.131670501109784,0.0,0
male,33,1,0,7.75,Q,Unknown,Mr,0,0,0.009867622231039597,1.009965962584997,0.0,0
female,31,1,0,113.275,C,D,Miss,1,1,0.9999998411260166,1.0000001588740086,1.0000001588740086,0
female,27,0,0,7.925,S,Unknown,Miss,0,1,0.3315186297276824,1.495928001093931,1.495928001093931,0
male,42,1,0,27.0,S,Unknown,Mr,1,0,0.6545118169385269,1.5278562955173078,0.0,0
female,32,0,0,76.2917,C,D,Miss,1,1,0.999987338684798,1.000012661475513,1.000012661475513,0
male,30,0,0,10.5,S,Unknown,Mr,1,0,0.24465815711082645,4.087335618844767,0.0,0
male,16,0,0,8.05,S,Unknown,Mr,0,1,0.125024220571377,1.142888778764848,1.142888778764848,0
male,27,0,0,13.0,S,Unknown,Mr,1,0,0.29849211633512357,3.3501722332836366,0.0,0
male,51,0,0,8.05,S,Unknown,Mr,0,0,0.30848231142811866,1.4460946068714378,0.0,0
male,33,0,0,7.8958,S,Unknown,Mr,0,0,0.19535752924992308,1.2427879913768576,0.0,0
male,38,1,0,90.0,S,C,Mr,1,1,0.9999922606334393,1.000007739426459,1.000007739426459,0
male,22,0,0,9.35,S,Unknown,Mr,0,0,0.17394616781882213,1.2105748572820259,0.0,0
male,19,0,0,10.5,S,Unknown,Mr,1,1,0.1846565854421783,5.415458092682706,5.415458092682706,0
male,20,0,0,7.25,S,Unknown,Mr,0,0,0.12629666080687177,1.1445532541096932,0.0,0
male,18,0,0,13.0,S,Unknown,Mr,1,0,0.24099418587088417,4.149477699581364,0.0,0
female,21,3,1,25.4667,S,Unknown,Miss,0,0,0.09182546786561253,1.1011099349480817,0.0,0
female,35,1,0,83.475,S,C,Mr,1,1,0.9999907239292172,1.000009276156829,1.000009276156829,0
male,29,0,0,7.775,S,Unknown,Mr,0,0,0.1731342908677826,1.2093862267543836,0.0,0
male,59,0,0,13.5,S,Unknown,Mr,1,0,0.5647527369894189,1.770686416378954,0.0,0
female,5,4,2,31.3875,S,Unknown,Miss,0,1,0.022067950888367122,1.0225659348299445,1.0225659348299445,0
male,24,0,0,10.5,S,Unknown,Mr,1,0,0.21040701175365767,4.752693323598881,0.0,0
female,21,0,0,7.55,S,Unknown,Miss,0,0,0.278472688892122,1.3859489233533486,0.0,0
male,44,1,0,26.0,S,Unknown,Mr,1,0,0.6354860479829525,1.5735986701423632,0.0,0
female,8,0,2,26.25,S,Unknown,Officer,1,1,0.8355231820850878,1.1968548825951812,1.1968548825951812,0
male,19,0,0,10.5,S,Unknown,Mr,1,0,0.1846565854421783,5.415458092682706,0.0,0
male,33,0,0,12.275,S,Unknown,Mr,1,0,0.31718473054924967,3.1527368870133197,0.0,0
female,21,1,0,14.4542,C,Unknown,Miss,0,0,0.16893486845811304,1.203275124952825,0.0,0
female,21,1,0,15.5,Q,Unknown,Miss,0,1,0.04994576176719174,1.0525714846134424,1.0525714846134424,0
male,29,0,0,10.5,S,Unknown,Officer,1,0,0.6608844213838266,1.5131238801273283,0.0,0
male,22,0,0,7.125,S,Unknown,Mr,0,0,0.13152152093079847,1.1514390098321812,0.0,0
male,30,0,0,7.225,C,Unknown,Mr,0,0,0.09904633755790805,1.1099349963120597,0.0,0
male,44,2,0,90.0,Q,C,Officer,1,0,0.9999755782287051,1.0000244223677324,0.0,0
female,25,0,0,7.775,S,Unknown,Miss,0,0,0.3124685420603094,1.4544789019497035,0.0,0
female,24,0,2,14.5,S,Unknown,Mr,1,1,0.19431121889026381,5.146383238760622,5.146383238760622,0
male,37,1,1,52.5542,S,D,Mr,1,1,0.9968471916250807,1.0031627800142362,1.0031627800142362,0
male,54,1,0,26.0,S,Unknown,Officer,1,0,0.9375073047888799,1.0666583555049665,0.0,0
male,33,0,0,7.25,S,Unknown,Mr,0,0,0.18075375666676977,1.2206342209533303,0.0,0
female,29,1,1,10.4625,S,G,Mr,0,0,0.17275831040155842,1.2088365620033228,0.0,0
male,62,0,0,26.55,S,C,Mr,1,0,0.9854824941907674,1.0147313685375545,0.0,0
male,30,1,0,16.1,S,Unknown,Mr,0,0,0.2032094788331655,1.2550350103758536,0.0,0
female,41,0,2,20.2125,S,Unknown,Mr,0,0,0.49427569249760056,1.977361944373725,0.0,0
female,29,0,2,15.2458,C,Unknown,Mr,0,1,0.1487510578107826,1.1747444847663822,1.1747444847663822,0
female,33,0,0,79.2,C,Unknown,Mr,1,1,0.999920272680813,1.0000797336761393,1.0000797336761393,0
female,30,0,0,86.5,S,B,Miss,1,1,0.999998932773135,1.000001067228004,1.000001067228004,0
female,35,0,0,512.3292,C,Unknown,Miss,1,1,1.0,,,0
female,50,0,1,26.0,S,Unknown,Mr,1,1,0.8715956880619711,1.1473209582111876,1.1473209582111876,0
male,33,0,0,7.75,Q,Unknown,Mr,0,0,0.02819988849371115,1.029018198454414,0.0,0
male,3,4,2,31.3875,S,Unknown,Master,0,1,0.03374047577569742,1.0349186475577394,1.0349186475577394,0
male,52,1,1,79.65,S,E,Mr,1,0,0.9998976648584051,1.0001023456151479,0.0,0
male,40,0,0,0.0,S,B,Mr,1,0,0.5877600710984542,1.7013745049593418,0.0,0
female,21,0,0,7.75,Q,Unknown,Miss,0,0,0.046305546222137485,1.0485538591932748,0.0,0
male,36,0,0,10.5,S,Unknown,Mr,1,0,0.28249012476505025,3.5399467532952156,0.0,0
male,16,4,1,39.6875,S,Unknown,Mr,0,0,0.08939491853577042,1.098170897961634,0.0,0
male,25,1,0,7.775,S,Unknown,Mr,0,1,0.05938833155758357,1.0631379915326016,1.0631379915326016,0
female,58,0,1,153.4625,S,C,Mr,1,1,0.9999999998959919,1.0000000001040081,1.0000000001040081,0
female,35,0,0,135.6333,S,C,Miss,1,1,0.9999999986273254,1.0000000013726746,1.0000000013726746,0
male,33,0,0,31.0,S,Unknown,Mr,1,0,0.8815900953527629,1.1343140142697,0.0,0
male,25,0,0,0.0,S,Unknown,Mr,0,1,0.05490729499013767,1.0580972582891377,1.0580972582891377,0
female,41,0,1,19.5,S,Unknown,Mr,1,1,0.6591137155108036,1.5171888802602362,1.5171888802602362,0
male,37,0,1,29.7,C,C,Mr,1,0,0.9233071898128039,1.0830631571305593,0.0,0
female,21,0,0,7.75,Q,Unknown,Miss,0,1,0.046305546222137485,1.0485538591932748,1.0485538591932748,0
female,63,1,0,77.9583,S,D,Officer,1,1,0.9999990473477485,1.000000952653159,1.000000952653159,0
female,45,0,0,7.75,S,Unknown,Miss,0,0,0.46462005881889895,1.8678323991629218,0.0,0
male,33,0,0,0.0,S,Unknown,Mr,1,0,0.07008291732032065,14.268812404446646,0.0,0
male,7,4,1,29.125,Q,Unknown,Master,0,0,0.007579559192189713,1.0076374476789496,0.0,0
female,35,1,1,20.25,S,Unknown,Mr,0,1,0.3790823322446808,1.6105194809725776,1.6105194809725776,0
male,65,0,0,7.75,Q,Unknown,Mr,0,0,0.0759318014927613,1.0821712094577254,0.0,0
male,28,0,0,7.8542,S,Unknown,Mr,0,0,0.17017776119948766,1.2050773686729286,0.0,0
male,16,0,0,9.5,S,Unknown,Mr,0,0,0.15047821482098844,1.177132849853026,0.0,0
male,19,0,0,8.05,S,Unknown,Mr,0,1,0.13609542169017863,1.1575352476501992,1.1575352476501992,0
male,33,0,0,26.0,S,A,Mr,1,0,0.9578507481806093,1.0440039869462452,0.0,0
male,33,0,0,8.6625,C,Unknown,Mr,0,0,0.13041414936280316,1.1499727131797752,0.0,0
male,30,0,0,9.5,S,Unknown,Mr,0,1,0.2183224075876224,1.2792998158151698,1.2792998158151698,0
male,22,0,0,7.8958,S,Unknown,Mr,0,0,0.14512376088341034,1.169759965528318,0.0,0
male,42,0,0,13.0,S,Unknown,Mr,1,1,0.4093688177520314,2.4427849817465432,2.4427849817465432,0
female,22,0,0,7.75,Q,Unknown,Miss,0,1,0.04776339254827355,1.0501591644077755,1.0501591644077755,0
female,26,0,0,78.85,S,Unknown,Miss,1,1,0.9999431175751237,1.0000568856606706,1.0000568856606706,0
female,19,1,0,91.0792,C,B,Mr,1,1,0.9999958198367109,1.0000041801807629,1.0000041801807629,0
male,36,0,0,12.875,C,D,Mr,1,0,0.7514001152812606,1.3308488775326905,0.0,0
female,24,0,0,8.85,S,Unknown,Miss,0,0,0.3403223022593012,1.515891780826995,0.0,0
male,24,0,0,7.8958,S,Unknown,Mr,0,0,0.15338243560018822,1.1811708639767295,0.0,0
male,33,0,0,27.7208,C,Unknown,Mr,1,0,0.7163433337735571,1.3959786499752778,0.0,0
male,23,0,0,7.2292,C,Unknown,Mr,0,0,0.08054710439414353,1.087603296241803,0.0,0
female,2,1,2,151.55,S,C,Miss,1,0,0.9999999946542386,1.0000000053457614,0.0,0
male,33,0,0,30.5,S,C,Mr,1,1,0.9793609016748397,1.02107404766707,1.02107404766707,0
female,50,0,1,247.5208,C,B,Mr,1,1,1.0,,,0
female,21,0,0,7.75,Q,Unknown,Miss,0,1,0.046305546222137485,1.0485538591932748,1.0485538591932748,0
male,33,2,0,23.25,Q,Unknown,Mr,0,1,0.03289991985340758,1.0340191470653386,1.0340191470653386,0
male,19,0,0,0.0,S,Unknown,Mr,0,0,0.04561623622788954,1.0477965342239224,0.0,0
female,21,0,0,12.35,Q,E,Miss,1,1,0.2435232221761543,4.106384561865902,4.106384561865902,0
male,31,0,0,8.05,S,Unknown,Mrs,0,0,0.2799999058836086,1.3888887073372318,0.0,0
male,0,1,2,151.55,S,C,Master,1,1,0.9999999965453388,1.0000000034546612,1.0000000034546612,0
female,21,0,0,110.8833,C,Unknown,Miss,1,1,0.9999989456501085,1.0000010543510032,1.0000010543510032,0
female,17,1,0,108.9,C,C,Mr,1,1,0.9999993014305248,1.0000006985699632,1.0000006985699632,0
male,30,1,0,24.0,C,Unknown,Mr,1,0,0.3119083216773857,3.2060702793121503,0.0,0
female,30,0,0,56.9292,C,E,Miss,1,1,0.9993054286656436,1.0006950540990094,1.0006950540990094,0
female,24,0,0,83.1583,C,C,Miss,1,1,0.9999915270433565,1.000008473028435,1.000008473028435,0
female,18,2,2,262.375,C,B,Miss,1,1,0.9999999999999993,1.0000000000000007,1.0000000000000007,0
female,26,1,1,26.0,S,Unknown,Mr,1,0,0.5164272590616603,1.9363811310366987,0.0,0
male,28,0,0,7.8958,S,Unknown,Mr,0,0,0.1710499238889226,1.2063452659192497,0.0,0
male,43,1,1,26.25,S,Unknown,Mr,1,0,0.4433759313516561,2.2554223837803837,0.0,0
female,26,0,0,7.8542,S,Unknown,Miss,0,1,0.3220554251392019,1.4750468358056101,1.4750468358056101,0
female,24,1,0,26.0,S,Unknown,Mr,1,1,0.6875065095152116,1.4545316824783812,1.4545316824783812,0
male,54,0,0,14.0,S,Unknown,Officer,1,0,0.8806910385444476,1.1354719830608688,0.0,0
female,31,0,2,164.8667,S,C,Miss,1,1,0.9999999999006155,1.0000000000993845,1.0000000000993845,0
female,40,1,1,134.5,C,E,Mr,1,1,0.9999999664872148,1.0000000335127863,1.0000000335127863,0
male,22,0,0,7.25,S,Unknown,Mr,0,0,0.13365143075365832,1.1542698118263472,0.0,0
male,27,0,0,7.8958,S,Unknown,Mr,0,0,0.16648700674292163,1.19974134547363,0.0,0
female,30,0,0,12.35,Q,Unknown,Miss,1,1,0.11397228175918118,8.774063171894369,8.774063171894369,0
female,22,1,1,29.0,S,Unknown,Mr,1,1,0.5938985440037744,1.68378927696722,1.68378927696722,0
male,33,8,2,69.55,S,Unknown,Mr,0,0,0.08268448417982743,1.0901374529851915,0.0,0
female,36,0,0,135.6333,C,C,Miss,1,1,0.9999999975901517,1.0000000024098483,1.0000000024098483,0
male,61,0,0,6.2375,S,Unknown,Mr,0,0,0.3207144372507751,1.472134923569949,0.0,0
female,36,0,0,13.0,S,D,Mr,1,1,0.9310645125152942,1.0740394318095905,1.0740394318095905,0
female,31,1,1,20.525,S,Unknown,Mr,0,1,0.35828603307412027,1.5583266868734111,1.5583266868734111,0
female,16,0,1,57.9792,C,B,Miss,1,1,0.9995411138162018,1.0004590968570028,1.0004590968570028,0
female,21,2,0,23.25,Q,Unknown,Miss,0,1,0.05385598522204815,1.056921551456083,1.056921551456083,0
male,45,0,0,28.5,S,C,Mr,1,0,0.9811778918601307,1.019183175952106,0.0,0
male,38,0,1,153.4625,S,C,Mr,1,0,0.9999999995178608,1.0000000004821392,0.0,0
male,16,2,0,18.0,S,Unknown,Mr,0,0,0.0685625892939364,1.0736094433247678,0.0,0
female,33,1,0,133.65,S,Unknown,Mr,1,1,0.9999999598550021,1.0000000401449995,1.0000000401449995,0
male,33,0,0,7.8958,S,Unknown,Mr,0,0,0.19535752924992308,1.2427879913768576,0.0,0
male,29,1,0,66.6,S,C,Mr,1,0,0.9996678087402645,1.0003323016474384,0.0,0
female,41,0,0,134.5,C,E,Miss,1,1,0.9999999950421405,1.0000000049578595,1.0000000049578595,0
male,45,0,0,8.05,S,Unknown,Mr,0,1,0.2684718631560674,1.3670014174907184,1.3670014174907184,0
male,45,0,0,35.5,S,T,Mr,1,0,0.9898777964794814,1.010225710240717,0.0,0
male,2,1,1,26.0,S,F,Master,1,1,0.7858365090327242,1.2725293219462237,1.2725293219462237,0
female,24,3,2,263.0,S,C,Miss,1,1,0.9999999999999984,1.0000000000000016,1.0000000000000016,0
male,28,0,0,13.0,S,Unknown,Officer,1,0,0.7320626550059887,1.3660032965236009,0.0,0
male,25,0,0,13.0,S,Unknown,Mr,1,0,0.2850508715215692,3.5081457378541363,0.0,0
male,36,0,0,13.0,S,Unknown,Mr,1,0,0.363144813498509,2.7537223796922152,0.0,0
female,24,0,0,13.0,S,F,Miss,1,1,0.8091420866781445,1.235876883014953,1.235876883014953,0
female,40,0,0,13.0,S,Unknown,Miss,1,1,0.6162001942335502,1.6228492125742227,1.6228492125742227,0
female,33,1,0,16.1,S,Unknown,Mr,0,1,0.4047870088999873,1.680070856907711,1.680070856907711,0
male,3,1,1,15.9,S,Unknown,Master,0,1,0.16039057015051683,1.1910299770921702,1.1910299770921702,0
male,42,0,0,8.6625,S,Unknown,Mr,0,0,0.2671318163623626,1.364501860397919,0.0,0
male,23,0,0,9.225,S,Unknown,Mr,0,0,0.17596808157069146,1.2135452251729582,0.0,0
male,31,0,0,35.0,S,C,Mrs,1,0,0.9931368071811626,1.0069106217483947,0.0,0
male,15,1,1,7.2292,C,Unknown,Mr,0,0,0.01043897736292448,1.0105490991703632,0.0,0
male,25,1,0,17.8,S,Unknown,Mr,0,0,0.21804111391121322,1.2788396139365006,0.0,0
male,33,0,0,7.225,C,Unknown,Mr,0,0,0.10810134350445783,1.1212036173809374,0.0,0
male,28,0,0,9.5,S,Unknown,Mr,0,0,0.20742380488440962,1.2617083457246134,0.0,0
female,22,0,1,55.0,S,E,Miss,1,1,0.9985474606803888,1.001454652259214,1.001454652259214,0
female,38,0,0,13.0,S,Unknown,Miss,1,0,0.6007031378496994,1.664715792195858,0.0,0
female,21,0,0,7.8792,Q,Unknown,Miss,0,1,0.04715828017939954,1.0494922495504062,1.0494922495504062,0
female,21,0,0,7.8792,Q,Unknown,Miss,0,1,0.04715828017939954,1.0494922495504062,1.0494922495504062,0
male,40,1,4,27.9,S,Unknown,Mr,0,0,0.07987700581296633,1.086811226670344,0.0,0
male,29,1,0,27.7208,C,Unknown,Mr,1,0,0.43230256541731577,2.3131946927834384,0.0,0
female,45,0,1,14.4542,C,Unknown,Mr,0,0,0.3650611735612347,1.5749548749582443,0.0,0
male,35,0,0,7.05,S,Unknown,Mr,0,0,0.1860586834116181,1.2285898007874563,0.0,0
male,33,1,0,15.5,Q,Unknown,Mr,0,0,0.030462228174677735,1.031419331004843,0.0,0
male,30,0,0,7.25,S,Unknown,Mr,0,0,0.16675087588612944,1.2001212735308457,0.0,0
female,60,1,0,75.25,C,D,Mr,1,1,0.9999823147789036,1.000017685533869,1.000017685533869,0
female,33,0,0,7.2292,C,Unknown,Mr,0,1,0.22680378502577786,1.2933327668104782,1.2933327668104782,0
female,21,0,0,7.75,Q,Unknown,Miss,0,1,0.046305546222137485,1.0485538591932748,1.0485538591932748,0
female,24,0,0,69.3,C,B,Mrs,1,1,0.9999815978856401,1.0000184024530039,1.0000184024530039,0
male,25,1,0,55.4417,C,E,Mr,1,1,0.99271527915024,1.0073381774238386,1.0073381774238386,0
male,18,1,0,6.4958,S,Unknown,Mr,0,0,0.0399386345883648,1.041600085189597,0.0,0
male,19,0,0,8.05,S,Unknown,Mr,0,0,0.13609542169017863,1.1575352476501992,0.0,0
male,22,0,0,135.6333,C,Unknown,Mr,1,0,0.9999999355268164,1.0000000644731877,0.0,0
female,3,3,1,21.075,S,Unknown,Miss,0,0,0.02853367588023816,1.029371760164813,0.0,0
female,33,1,0,82.1708,C,Unknown,Mr,1,1,0.9998505243579036,1.0001494979884042,1.0001494979884042,0
female,22,0,0,7.25,S,Unknown,Miss,0,1,0.2760838421904079,1.3813754385946788,1.3813754385946788,0
male,27,0,2,211.5,C,C,Mr,1,0,0.9999999999994933,1.0000000000005067,0.0,0
male,20,0,0,4.0125,C,Unknown,Mr,0,0,0.0470160588410767,1.049335625513165,0.0,0
male,19,0,0,7.775,S,Unknown,Mr,0,0,0.13137560991380615,1.1512455917807807,0.0,0
female,42,0,0,227.525,C,Unknown,Miss,1,1,0.9999999999999833,1.0000000000000167,1.0000000000000167,0
female,1,0,2,15.7417,C,Unknown,Miss,0,1,0.07176678101128085,1.0773154629064756,1.0773154629064756,0
male,32,0,0,7.925,S,Unknown,Mr,0,0,0.19096254020492684,1.236036709911179,0.0,0
female,35,1,0,52.0,S,Unknown,Mr,1,1,0.9932970160590573,1.0067482171320086,1.0067482171320086,0
male,33,0,0,7.8958,S,Unknown,Mr,0,0,0.19535752924992308,1.2427879913768576,0.0,0
male,18,0,0,73.5,S,Unknown,Mr,1,0,0.9995971342462502,1.0004030281199772,0.0,0
male,1,5,2,46.9,S,Unknown,Master,0,0,0.10063494918894296,1.1118955524213325,0.0,0
female,36,0,0,13.0,S,Unknown,Miss,1,1,0.5850017646792666,1.7093965529287944,1.7093965529287944,0
male,33,0,0,7.7292,Q,Unknown,Mr,0,0,0.02811555691070166,1.028928909306678,0.0,0
female,17,0,0,12.0,C,Unknown,Miss,1,1,0.2653831830897011,3.768136278861325,3.768136278861325,0
male,36,1,2,120.0,S,B,Mr,1,1,0.9999997864844544,1.0000002135155912,1.0000002135155912,0
male,21,0,0,7.7958,S,Unknown,Mr,0,1,0.13934828486838582,1.1619101924953186,1.1619101924953186,0
male,28,2,0,7.925,S,Unknown,Mr,0,0,0.02386068003781094,1.0244439288018181,0.0,0
female,23,1,0,113.275,C,D,Miss,1,1,0.999999793906131,1.0000002060939115,1.0000002060939115,0
female,24,0,2,16.7,S,G,Mr,0,1,0.37197593998523254,1.5922956836661413,1.5922956836661413,0
male,22,0,0,7.7958,S,Unknown,Mr,0,0,0.14329528052917373,1.1672633257088687,0.0,0
female,31,0,0,7.8542,S,Unknown,Miss,0,0,0.35854057622114205,1.5589450601707089,0.0,0
male,46,0,0,26.0,S,Unknown,Mr,1,0,0.8441752376069369,1.1845881701467509,0.0,0
male,23,0,0,10.5,S,Unknown,Officer,1,0,0.61587420480327,1.6237082056707215,0.0,0
female,28,0,0,12.65,S,Unknown,Mr,1,1,0.5023490028289175,1.9906479247865951,1.9906479247865951,0
male,39,0,0,7.925,S,Unknown,Mr,0,1,0.22862790873537397,1.2963912116142937,1.2963912116142937,0
male,26,0,0,8.05,S,Unknown,Mrs,0,0,0.2484119594107018,1.3305161152057838,0.0,0
female,21,1,0,9.825,S,Unknown,Miss,0,0,0.15660197908047746,1.1856798038365572,0.0,0
male,28,1,0,15.85,S,Unknown,Mr,0,0,0.1871783490855353,1.2302821890570341,0.0,0
female,20,0,0,8.6625,S,Unknown,Miss,0,0,0.3058170109146223,1.4405423580280354,0.0,0
male,34,1,0,21.0,S,Unknown,Mr,1,0,0.3751336812415237,2.665716383264894,0.0,0
male,51,0,0,7.75,S,Unknown,Mr,0,0,0.2990821243099703,1.4267006659168653,0.0,0
male,3,1,1,18.75,S,Unknown,Master,1,1,0.22564524608454878,4.431735289585061,4.431735289585061,0
male,21,0,0,7.775,S,Unknown,Mr,0,0,0.13897910028934224,1.161411993989978,0.0,0
female,21,3,1,25.4667,S,Unknown,Miss,0,0,0.09182546786561253,1.1011099349480817,0.0,0
male,33,0,0,7.8958,S,Unknown,Mr,0,0,0.19535752924992308,1.2427879913768576,0.0,0
male,33,0,0,6.8583,Q,Unknown,Mr,0,0,0.024796412250091396,1.0254269083518286,0.0,0
female,33,1,0,90.0,Q,C,Miss,1,1,0.9999698399690872,1.0000301609405677,1.0000301609405677,0
male,33,0,0,0.0,S,Unknown,Mr,1,0,0.07008291732032065,14.268812404446646,0.0,0
male,44,0,0,7.925,S,Unknown,Mr,0,1,0.25856560067491385,1.3487369899619996,1.3487369899619996,0
female,33,0,0,8.05,S,Unknown,Mr,0,0,0.37530915934791426,1.6007918396180525,0.0,0
female,34,1,1,32.5,S,Unknown,Officer,1,1,0.9575509210620421,1.0443308841381267,1.0443308841381267,0
female,18,0,2,13.0,S,Unknown,Miss,1,1,0.13970099874663286,7.158144959390295,7.158144959390295,0
male,30,0,0,13.0,S,Unknown,Mr,1,0,0.3193183956120625,3.131670501109784,0.0,0
female,10,0,2,24.15,S,Unknown,Miss,0,0,0.3950816995107903,1.6531157995902583,0.0,0
male,33,0,0,7.8958,C,Unknown,Mr,0,0,0.11806355059557164,1.1338685465095586,0.0,0
male,21,0,0,7.7333,Q,Unknown,Mr,0,0,0.01921547042356192,1.0195919387430186,0.0,0
male,29,0,0,7.875,S,Unknown,Mrs,0,0,0.26202976923111093,1.3550682104860825,0.0,0
female,28,1,1,14.4,S,Unknown,Mr,0,0,0.1696823950087942,1.204358421390561,0.0,0
male,18,1,1,20.2125,S,Unknown,Mr,0,0,0.12617800113362246,1.144397830790842,0.0,0
male,33,0,0,7.25,S,Unknown,Mr,0,0,0.18075375666676977,1.2206342209533303,0.0,0
female,28,1,0,26.0,S,Unknown,Mr,1,1,0.7147563294882846,1.3990782015402785,1.3990782015402785,0
female,19,0,0,26.0,S,Unknown,Miss,1,1,0.8476729715331861,1.1797002306105149,1.1797002306105149,0
male,33,0,0,7.75,Q,Unknown,Mr,0,0,0.02819988849371115,1.029018198454414,0.0,0
male,32,0,0,8.05,S,E,Mr,0,1,0.44641498222140996,1.8064072687746702,1.8064072687746702,0
male,28,0,0,26.55,S,C,Mr,1,1,0.957378467625903,1.0445190003905034,1.0445190003905034,0
female,33,1,0,16.1,S,Unknown,Mr,0,1,0.4047870088999873,1.680070856907711,1.680070856907711,0
female,42,1,0,26.0,S,Unknown,Mr,1,1,0.7980230155090469,1.2530966909044785,1.2530966909044785,0
male,17,0,0,7.125,S,Unknown,Mr,0,0,0.1140311540132003,1.128707859796347,0.0,0
male,50,1,0,55.9,S,E,Mr,1,0,0.9983263714020663,1.0016764343263649,0.0,0
female,14,1,2,120.0,S,B,Miss,1,1,0.9999998233386301,1.000000176661401,1.000000176661401,0
female,21,2,2,34.375,S,Unknown,Miss,0,0,0.3338669955901921,1.5012017020324602,0.0,0
female,24,2,3,18.75,S,Unknown,Mr,1,1,0.023710122271841383,42.17607942020696,42.17607942020696,0
male,64,1,4,263.0,S,C,Mr,1,0,0.9999999999999993,1.0000000000000007,0.0,0
male,31,0,0,10.5,S,Unknown,Mr,1,0,0.25071907275930916,3.9885278331417653,0.0,0
female,45,1,1,26.25,S,Unknown,Mr,1,1,0.6727823940599089,1.4863646980496839,1.4863646980496839,0
male,20,0,0,9.5,S,Unknown,Mr,0,0,0.1678775116066512,1.2017461538995142,0.0,0
male,25,1,0,7.775,S,Unknown,Mr,0,0,0.05938833155758357,1.0631379915326016,0.0,0
female,28,0,0,13.0,S,Unknown,Mrs,1,1,0.6398160231921051,1.5629492912836125,1.5629492912836125,0
male,31,0,0,8.1125,S,Unknown,Mrs,0,1,0.28187053167268433,1.3925065661617033,1.3925065661617033,0
male,4,0,2,81.8583,S,A,Master,1,1,0.9999659379790777,1.000034063181183,1.000034063181183,0
female,13,0,1,19.5,S,Unknown,Miss,1,1,0.4428615062028455,2.258042268279615,2.258042268279615,0
male,34,0,0,26.55,S,Unknown,Mr,1,1,0.7991171914373048,1.2513809122306383,1.2513809122306383,0
female,5,2,1,19.2583,C,Unknown,Miss,0,1,0.03702574319669596,1.0384493593002235,1.0384493593002235,0
male,52,0,0,30.5,S,C,Officer,1,1,0.9981758412731385,1.0018274923630037,1.0018274923630037,0
male,36,1,2,27.75,S,Unknown,Mr,1,0,0.26488453919808597,3.77522977757558,0.0,0
male,33,1,0,19.9667,S,Unknown,Mr,0,0,0.33272684639936445,1.498636644684348,0.0,0
male,30,0,0,27.75,C,C,Mr,1,0,0.9404396419134646,1.063332462214535,0.0,0
male,49,1,0,89.1042,C,C,Mr,1,1,0.9999887926909955,1.0000112074346097,1.0000112074346097,0
male,33,0,0,8.05,S,Unknown,Mr,0,0,0.1989738390565327,1.2483986775440352,0.0,0
male,29,0,0,7.8958,C,Unknown,Mr,0,1,0.10517456276421665,1.1175364025067422,1.1175364025067422,0
male,65,0,0,26.55,S,E,Mr,1,0,0.973382847087822,1.0273449989300834,0.0,0
female,33,1,0,51.8625,S,D,Mr,1,1,0.9992500353665767,1.0007505275025066,1.0007505275025066,0
female,50,0,0,10.5,S,Unknown,Miss,1,1,0.6054733554104212,1.6516003405668416,1.6516003405668416,0
male,33,0,0,7.75,Q,Unknown,Mr,0,0,0.02819988849371115,1.029018198454414,0.0,0
male,48,0,0,26.55,S,E,Mr,1,1,0.9546204884700015,1.0475367039342824,1.0475367039342824,0
male,34,0,0,8.05,S,Unknown,Mr,0,0,0.20420898595077921,1.2566113242617598,0.0,0
male,47,0,0,38.5,S,E,Mr,1,0,0.9917089217725942,1.0083603949156636,0.0,0
male,48,0,0,13.0,S,Unknown,Mr,1,0,0.4572521349619419,2.1869772135306316,0.0,0
male,33,0,0,8.05,S,Unknown,Mr,0,0,0.1989738390565327,1.2483986775440352,0.0,0
male,38,0,0,7.05,S,Unknown,Mr,0,0,0.20129125376199108,1.2520208457840123,0.0,0
male,33,0,0,0.0,S,Unknown,Mr,1,0,0.07008291732032065,14.268812404446646,0.0,0
male,56,0,0,26.55,S,Unknown,Mr,1,0,0.8905520215924041,1.1228990286405627,0.0,0
male,33,0,0,7.725,Q,Unknown,Mr,0,0,0.028098558159939696,1.028910913134095,0.0,0
female,0,2,1,19.2583,C,Unknown,Miss,0,1,0.03164400611709238,1.0326780712021066,1.0326780712021066,0
male,33,0,0,7.25,S,Unknown,Mr,0,0,0.18075375666676977,1.2206342209533303,0.0,0
male,38,0,0,8.6625,S,Unknown,Mr,0,0,0.2424426876256836,1.3200321397015178,0.0,0
female,33,1,2,27.75,S,Unknown,Mr,1,1,0.4414935575693672,2.2650387142804016,2.2650387142804016,0
female,23,0,0,13.7917,C,D,Mr,1,1,0.8458307187075381,1.1822696644643487,1.1822696644643487,0
female,22,0,0,9.8375,S,Unknown,Miss,0,0,0.35879353691568255,1.5595600755329595,0.0,0
male,33,0,0,52.0,S,A,Mr,1,0,0.9990665238085029,1.0009343483834676,0.0,0
male,34,1,0,21.0,S,Unknown,Mr,1,0,0.3751336812415237,2.665716383264894,0.0,0
male,29,1,0,7.0458,S,Unknown,Mr,0,0,0.06063331675984642,1.0645470164544308,0.0,0
male,22,0,0,7.5208,S,Unknown,Mr,0,0,0.13836576798595035,1.1605852725494943,0.0,0
female,2,0,1,12.2875,S,Unknown,Miss,0,1,0.16030356523859335,1.1909065688532336,1.1909065688532336,0
male,9,5,2,46.9,S,Unknown,Master,0,0,0.12675401645294826,1.145152704783232,0.0,0
male,33,0,0,0.0,S,Unknown,Mr,1,0,0.07008291732032065,14.268812404446646,0.0,0
male,50,0,0,8.05,S,Unknown,Mr,0,0,0.30158706384706085,1.4318176944262941,0.0,0
female,63,0,0,9.5875,S,Unknown,Mr,0,1,0.666882257427711,3.0019415726047454,3.0019415726047454,0
male,25,1,0,91.0792,C,B,Mr,1,1,0.9999916822289022,1.0000083178402837,1.0000083178402837,0
female,21,3,1,25.4667,S,Unknown,Miss,0,0,0.09182546786561253,1.1011099349480817,0.0,0
female,35,1,0,90.0,S,C,Mr,1,1,0.9999964721337181,1.0000035278787278,1.0000035278787278,0
male,58,0,0,29.7,C,B,Mr,1,0,0.9913821198053072,1.0086927936489163,0.0,0
male,30,0,0,8.05,S,Unknown,Mr,0,0,0.18387626455350983,1.2253043951146865,0.0,0
male,9,1,1,15.9,S,Unknown,Master,0,1,0.18844292015460679,1.2321992190500097,1.2321992190500097,0
male,33,1,0,19.9667,S,Unknown,Mr,0,0,0.33272684639936445,1.498636644684348,0.0,0
male,21,0,0,7.25,S,Unknown,Mr,0,0,0.12992978323447496,1.1493325259626601,0.0,0
male,55,0,0,30.5,S,C,Mr,1,0,0.9898020597353332,1.0103030097425678,0.0,0
male,71,0,0,49.5042,C,Unknown,Mr,1,0,0.9954582582309489,1.0045624632991867,0.0,0
male,21,0,0,8.05,S,Unknown,Mr,0,0,0.1439268138492335,1.1681244269504383,0.0,0
male,33,0,0,14.4583,C,Unknown,Mr,0,0,0.2614220772173376,1.3539532785280195,0.0,0
female,54,1,0,78.2667,C,D,Miss,1,1,0.9999865487251318,1.0000134514558074,1.0000134514558074,0
male,33,0,0,15.1,S,Unknown,Mr,0,0,0.41382258366542674,1.7059681457076619,0.0,0
female,25,1,2,151.55,S,C,Mr,1,0,0.9999999974141924,1.0000000025858076,0.0,0
male,24,0,0,7.7958,S,Unknown,Mr,0,0,0.15146833703839915,1.1785064054177241,0.0,0
male,17,0,0,8.6625,S,Unknown,Mr,0,0,0.13914463794225584,1.1616353269957589,0.0,0
female,21,0,0,7.75,Q,Unknown,Miss,0,0,0.046305546222137485,1.0485538591932748,0.0,0
female,21,0,0,7.6292,Q,Unknown,Miss,0,0,0.04552154033612983,1.0476925800422576,0.0,0
female,37,0,0,9.5875,S,Unknown,Miss,0,0,0.4676125912822421,1.8783314248706138,0.0,0
female,16,0,0,86.5,S,B,Miss,1,1,0.9999983172173676,1.000001682785464,1.000001682785464,0
male,18,1,0,108.9,C,C,Mr,1,0,0.9999983644741786,1.0000016355284964,0.0,0
female,33,0,2,26.0,S,Unknown,Mr,1,1,0.63976933488443,1.5630633502942795,1.5630633502942795,0
male,33,0,0,26.55,S,Unknown,Mr,1,1,0.7938447446220295,1.259692158667784,1.259692158667784,0
male,28,0,0,22.525,S,Unknown,Mr,0,0,0.6431982108501945,2.802676529125092,0.0,0
male,26,0,0,56.4958,S,Unknown,Mr,0,1,0.9961559039709484,260.139182903484,260.139182903484,0
male,29,0,0,7.75,Q,Unknown,Mr,0,1,0.024844941046154943,1.0254779389370228,1.0254779389370228,0
male,33,0,0,8.05,S,Unknown,Mr,0,0,0.1989738390565327,1.2483986775440352,0.0,0
male,36,0,0,26.2875,S,E,Mr,1,1,0.9319496047419555,1.073019393872576,1.073019393872576,0
female,54,1,0,59.4,C,Unknown,Mr,1,1,0.9978010231288326,1.002203823027032,1.002203823027032,0
male,24,0,0,7.4958,S,Unknown,Officer,0,0,0.5148693398648324,2.061300350963963,0.0,0
male,47,0,0,34.0208,S,D,Mr,1,0,0.9944710329997748,1.0055597064336277,0.0,0
female,34,0,0,10.5,S,F,Mr,1,1,0.7985812498864576,1.25222073538814,1.25222073538814,0
male,33,0,0,24.15,Q,Unknown,Mr,0,0,0.24787245128693866,1.3295617235548205,0.0,0
female,36,1,0,26.0,S,Unknown,Mr,1,1,0.7647352722918602,1.3076420510892184,1.3076420510892184,0
male,32,0,0,7.8958,S,Unknown,Mr,0,0,0.190295038088459,1.2350177497235695,0.0,0
female,30,0,0,93.5,S,B,Miss,1,1,0.9999996216981218,1.0000003783020213,1.0000003783020213,0
male,22,0,0,7.8958,S,Unknown,Mr,0,0,0.14512376088341034,1.169759965528318,0.0,0
male,33,0,0,7.225,C,Unknown,Mr,0,0,0.10810134350445783,1.1212036173809374,0.0,0
female,44,0,1,57.9792,C,B,Mr,1,1,0.9998112980858853,1.0001887375292478,1.0001887375292478,0
male,33,0,0,7.2292,C,Unknown,Mr,0,0,0.108161355175386,1.1212790629819103,0.0,0
male,40,0,0,7.75,Q,Unknown,Mr,0,0,0.03515708260158402,1.0364381413467603,0.0,0
female,50,0,0,10.5,S,Unknown,Miss,1,1,0.6054733554104212,1.6516003405668416,1.6516003405668416,0
male,33,0,0,221.7792,S,C,Mr,1,0,0.9999999999999896,1.0000000000000104,0.0,0
male,39,0,0,7.925,S,Unknown,Mr,0,0,0.22862790873537397,1.2963912116142937,0.0,0
male,23,2,1,11.5,S,Unknown,Mr,1,0,0.015794923844352503,63.31147967880525,0.0,0
female,2,1,1,26.0,S,Unknown,Miss,1,1,0.33335249211017537,2.9998275809184376,2.9998275809184376,0
male,33,0,0,7.2292,C,Unknown,Mr,0,0,0.108161355175386,1.1212790629819103,0.0,0
male,17,1,1,7.2292,C,Unknown,Mr,0,0,0.011132851127773274,1.0112581868458974,0.0,0
female,33,0,2,22.3583,C,Unknown,Mr,0,1,0.3634259756958674,1.5709092137291407,1.5709092137291407,0
female,30,0,0,8.6625,S,Unknown,Miss,0,0,0.37884038505796286,1.60989216933125,0.0,0
female,7,0,2,26.25,S,Unknown,Miss,1,1,0.4470875115447451,2.2366985750616717,2.2366985750616717,0
male,45,0,0,26.55,S,B,Officer,1,0,0.9981265525373602,1.001876963855813,0.0,0
female,30,0,0,106.425,C,Unknown,Miss,1,1,0.9999984769390533,1.0000015230632664,1.0000015230632664,0
male,33,0,0,14.5,S,Unknown,Mr,0,0,0.39243654540229433,1.645918615467324,0.0,0
female,22,0,2,49.5,C,B,Miss,1,1,0.9970918269856589,1.0029166551521467,1.0029166551521467,0
female,36,0,2,71.0,S,B,Miss,1,1,0.9999578188743765,1.000042182904946,1.000042182904946,0
female,9,4,2,31.275,S,Unknown,Miss,0,0,0.02465355316346849,1.0252767139752552,0.0,0
female,11,4,2,31.275,S,Unknown,Miss,0,0,0.026267182902554146,1.0269757601277656,0.0,0
male,32,1,0,26.0,S,Unknown,Mr,1,1,0.5412794837855942,1.8474744193262445,1.8474744193262445,0
male,50,1,0,106.425,C,C,Mr,1,0,0.9999991665805126,1.000000833420182,0.0,0
male,64,0,0,26.0,S,Unknown,Mr,1,0,0.9067957634200183,1.1027841553079802,0.0,0
female,19,1,0,26.0,S,Unknown,Mr,1,1,0.6515478392258105,1.5348067168609312,1.5348067168609312,0
male,38,0,0,13.8625,C,Unknown,Officer,1,1,0.7032551516375102,1.4219590111377465,1.4219590111377465,0
male,33,1,1,20.525,S,Unknown,Mr,0,0,0.19766232653712426,1.2463580273926524,0.0,0
male,8,1,1,36.75,S,Unknown,Master,1,1,0.8315244182777617,1.202610504296653,1.202610504296653,0
male,17,0,2,110.8833,C,C,Mr,1,1,0.9999979092637574,1.0000020907406137,1.0000020907406137,0
male,27,0,0,26.0,S,Unknown,Mr,1,0,0.7449019198484579,1.3424586154959017,0.0,0
male,33,0,0,7.8292,Q,Unknown,Mr,0,0,0.028523250860466958,1.0293607138675536,0.0,0
male,22,0,0,7.225,C,Unknown,Mr,0,1,0.0781259395116054,1.0847468682112777,1.0847468682112777,0
female,22,0,0,7.775,S,Unknown,Miss,0,1,0.291897435122521,1.4122247956735294,1.4122247956735294,0
male,62,0,0,26.55,S,Unknown,Mr,1,0,0.9081754176847721,1.101108861269685,0.0,0
female,48,1,0,39.6,C,A,Royalty,1,1,0.9986706220782492,1.0013311475198743,1.0013311475198743,0
male,33,0,0,227.525,C,Unknown,Mr,1,0,0.9999999999999449,1.000000000000055,0.0,0
female,39,1,1,79.65,S,E,Mr,1,1,0.9999354180064071,1.0000645861646962,1.0000645861646962,0
female,36,1,0,17.4,S,Unknown,Mr,0,1,0.47617647640550603,1.9090398864448999,1.9090398864448999,0
male,33,0,0,7.75,Q,Unknown,Mr,0,0,0.02819988849371115,1.029018198454414,0.0,0
male,40,0,0,7.8958,S,Unknown,Mr,0,0,0.23363942404008622,1.3048687933189131,0.0,0
male,28,0,0,13.5,S,Unknown,Mr,1,0,0.321283292268116,3.1125179057412176,0.0,0
male,33,0,0,8.05,S,Unknown,Mr,0,0,0.1989738390565327,1.2483986775440352,0.0,0
female,21,0,0,8.05,S,Unknown,Miss,0,0,0.293598675605582,1.4156258849843997,0.0,0
male,24,2,0,24.15,S,Unknown,Mr,0,0,0.1919217263448082,1.237503881247402,0.0,0
male,19,0,0,7.8958,S,Unknown,Mr,0,0,0.13343155132809667,1.153976932269566,0.0,0
female,29,0,4,21.075,S,Unknown,Mr,0,0,0.1345795241820905,1.1555076727932734,0.0,0
male,33,0,0,7.2292,C,Unknown,Mr,0,0,0.108161355175386,1.1212790629819103,0.0,0
male,32,0,0,7.8542,S,Unknown,Mr,0,1,0.1893471612283566,1.2335736731832931,1.2335736731832931,0
male,62,0,0,10.5,S,Unknown,Mr,1,1,0.47840678058180836,2.090271376973091,2.090271376973091,0
female,53,2,0,51.4792,S,C,Mr,1,1,0.9982809822468498,1.0017219778636683,1.0017219778636683,0
male,36,0,0,26.3875,S,E,Mr,1,1,0.9328832428257519,1.0719455062467924,1.0719455062467924,0
female,21,0,0,7.75,Q,Unknown,Miss,0,1,0.046305546222137485,1.0485538591932748,1.0485538591932748,0
male,16,0,0,8.05,S,Unknown,Mr,0,0,0.125024220571377,1.142888778764848,0.0,0
male,19,0,0,14.5,S,Unknown,Mr,0,0,0.29060087150727215,1.4096436827103476,0.0,0
female,34,0,0,13.0,S,Unknown,Miss,1,1,0.5691258369237959,1.7570806579527978,1.7570806579527978,0
female,39,1,0,55.9,S,E,Mr,1,1,0.9990096848539531,1.000991296842324,1.000991296842324,0
female,33,1,0,14.4583,C,Unknown,Mr,0,0,0.22721143242439368,1.2940150022369012,0.0,0
male,32,0,0,7.925,S,Unknown,Mr,0,1,0.19096254020492684,1.236036709911179,1.236036709911179,0
female,25,1,1,30.0,S,Unknown,Miss,1,1,0.6564957796914742,1.5232390381396794,1.5232390381396794,0
female,39,1,1,110.8833,C,C,Mr,1,1,0.9999994403056238,1.0000005596946895,1.0000005596946895,0
male,54,0,0,26.0,S,Unknown,Mr,1,0,0.8754301212159817,1.1422956279034464,0.0,0
male,36,0,0,40.125,C,A,Mr,1,0,0.9911504667456482,1.0089285467255122,0.0,0
male,33,0,0,8.7125,C,Unknown,Mr,0,0,0.13125657155309656,1.1510878439538248,0.0,0
female,18,0,2,79.65,S,E,Miss,1,1,0.9999055397412708,1.0000944691823126,1.0000944691823126,0
male,47,0,0,15.0,S,Unknown,Mr,1,0,0.5230797210292958,1.9117544798567974,0.0,0
male,60,1,1,79.2,C,B,Mr,1,1,0.9999659527796214,1.0000340483796313,1.0000340483796313,0
male,22,0,0,8.05,S,Unknown,Mr,0,0,0.14798119666670378,1.1736830174261024,0.0,0
male,33,0,0,8.05,S,Unknown,Mr,0,0,0.1989738390565327,1.2483986775440352,0.0,0
male,35,0,0,7.125,S,Unknown,Mr,0,0,0.18774737926387006,1.2311440732486871,0.0,0
female,52,1,0,78.2667,C,D,Mr,1,1,0.9999853271993064,1.0000146730159878,1.0000146730159878,0
male,47,0,0,7.25,S,Unknown,Mr,0,0,0.2581007845714502,1.3478919767051665,0.0,0
female,21,0,2,7.75,Q,Unknown,Miss,0,0,0.00994488999861624,1.0100447842732738,0.0,0
male,37,1,0,26.0,S,Unknown,Mr,1,0,0.5813048939139178,1.7202676434856996,0.0,0
male,36,1,1,24.15,S,Unknown,Mr,0,0,0.3172793645814263,1.4647279547759726,0.0,0
female,21,0,0,33.0,S,Unknown,Miss,1,1,0.9436752134432616,1.059686622849001,1.059686622849001,0
male,49,0,0,0.0,S,Unknown,Mr,0,0,0.11254792018058948,1.1268214056171821,0.0,0
male,33,0,0,7.225,C,Unknown,Mr,0,0,0.10810134350445783,1.1212036173809374,0.0,0
male,49,1,0,56.9292,C,A,Royalty,1,1,0.999760935883395,1.000239121281923,1.000239121281923,0
female,24,2,1,27.0,S,Unknown,Mr,1,1,0.2849764294833743,3.509062141780889,3.509062141780889,0
male,33,0,0,7.8958,S,Unknown,Mr,0,0,0.19535752924992308,1.2427879913768576,0.0,0
male,33,0,0,42.4,S,Unknown,Mr,1,0,0.9757930394561453,1.0248074740903526,0.0,0
male,44,0,0,8.05,S,Unknown,Mr,0,0,0.26213192796061807,1.3552558213233372,0.0,0
male,35,0,0,26.55,C,Unknown,Mr,1,1,0.6938080600840617,1.4413208169977734,1.4413208169977734,0
male,36,1,0,15.55,S,Unknown,Mr,0,0,0.22223696747211816,1.2857386609772448,0.0,0
male,30,0,0,7.8958,S,Unknown,Mr,0,0,0.18047252840842715,1.2202153492889487,0.0,0
male,27,0,0,30.5,S,Unknown,Mr,1,1,0.850474691158397,1.1758139429615955,1.1758139429615955,0
female,22,1,2,41.5792,C,Unknown,Mr,1,1,0.7028094008529601,1.4228608763433677,1.4228608763433677,0
female,40,0,0,153.4625,S,C,Miss,1,1,0.9999999999168798,1.0000000000831202,1.0000000000831202,0
female,39,1,5,31.275,S,Unknown,Mr,0,0,0.13226256761319222,1.1524223373070233,0.0,0
male,33,0,0,7.05,S,Unknown,Mr,0,0,0.17640720222311956,1.214192259450659,0.0,0
female,21,1,0,15.5,Q,Unknown,Miss,0,1,0.04994576176719174,1.0525714846134424,1.0525714846134424,0
male,33,0,0,7.75,Q,Unknown,Mr,0,0,0.02819988849371115,1.029018198454414,0.0,0
male,35,0,0,8.05,S,Unknown,Mr,0,0,0.20954584090349226,1.2650955004690012,0.0,0
female,24,1,2,65.0,S,Unknown,Miss,1,1,0.9933931166377162,1.006650824584577,1.006650824584577,0
male,34,1,1,14.4,S,Unknown,Mr,0,0,0.0931363120630304,1.1027015562558324,0.0,0
female,26,1,0,16.1,S,Unknown,Mr,0,0,0.3513179160781037,1.5415872039413434,0.0,0
female,4,2,1,39.0,S,F,Miss,1,1,0.8482286320435614,1.1789274285528295,1.1789274285528295,0
male,26,0,0,10.5,S,Unknown,Mr,1,0,0.2214185707805742,4.5163330089010465,0.0,0
male,27,1,0,14.4542,C,Unknown,Mr,0,0,0.09086565513730795,1.0999474452271754,0.0,0
male,42,1,0,52.5542,S,D,Mr,1,1,0.9987788639115385,1.00122262908496,1.00122262908496,0
male,20,1,1,15.7417,C,Unknown,Mr,0,1,0.04197271629058226,1.043811608504579,1.043811608504579,0
male,21,0,0,7.8542,S,Unknown,Mr,0,0,0.14038923633372327,1.1633172154975784,0.0,0
male,21,0,0,16.1,S,Unknown,Mr,0,0,0.35655344159102215,1.5541306219317672,0.0,0
male,61,0,0,32.3208,S,D,Mr,1,0,0.9954845378920839,1.0045359439911317,0.0,0
male,57,0,0,12.35,Q,Unknown,Officer,1,0,0.43768662383392354,2.284739687131589,0.0,0
female,21,0,0,77.9583,S,D,Miss,1,1,0.9999922001548774,1.0000077999059607,1.0000077999059607,0
male,26,0,0,7.8958,S,Unknown,Mr,0,0,0.16202201895166546,1.1933487783879133,0.0,0
male,33,0,0,7.7333,Q,Unknown,Mr,0,0,0.028132160561488925,1.0289464878040846,0.0,0
male,80,0,0,30.0,S,A,Mr,1,1,0.9947533980196525,1.0052742739967437,1.0052742739967437,0
male,51,0,0,7.0542,S,Unknown,Mr,0,0,0.2779279625851795,1.3849033727718134,0.0,0
male,32,0,0,30.5,C,B,Officer,1,1,0.9971144419381615,1.0028939086031385,1.0028939086031385,0
male,33,0,0,0.0,S,Unknown,Mr,1,0,0.07008291732032065,14.268812404446646,0.0,0
female,9,3,2,27.9,S,Unknown,Miss,0,0,0.04273068540563317,1.0446381021037323,0.0,0
female,28,0,0,13.0,S,Unknown,Miss,1,1,0.5207680791308722,1.9202405832341616,1.9202405832341616,0
male,32,0,0,7.925,S,Unknown,Mr,0,0,0.19096254020492684,1.236036709911179,0.0,0
male,31,1,1,26.25,S,Unknown,Officer,1,0,0.7701699774168013,1.298414673802351,0.0,0
female,41,0,5,39.6875,S,Unknown,Mr,0,0,0.622249478077632,2.6472498169188796,0.0,0
male,33,1,0,16.1,S,Unknown,Mr,0,0,0.21946757617832116,1.2811767576595394,0.0,0
male,20,0,0,7.8542,S,Unknown,Mr,0,0,0.1365095315257854,1.1580903744855429,0.0,0
female,24,0,0,69.3,C,B,Miss,1,1,0.9999699188276239,1.0000300820772803,1.0000300820772803,0
female,2,3,2,27.9,S,Unknown,Miss,0,0,0.03432808313207154,1.0355483912625436,0.0,0
male,33,0,0,56.4958,S,Unknown,Mr,0,1,0.9969362836955946,326.40097862914996,326.40097862914996,0
female,0,2,1,19.2583,C,Unknown,Miss,0,1,0.03164400611709238,1.0326780712021066,1.0326780712021066,0
male,48,1,0,76.7292,C,D,Mr,1,1,0.9999492414200762,1.000050761156488,1.000050761156488,0
male,19,0,0,7.8958,S,Unknown,Mr,0,0,0.13343155132809667,1.153976932269566,0.0,0
male,56,0,0,35.5,C,A,Officer,1,1,0.9985150411048037,1.0014871672774737,1.0014871672774737,0
male,33,0,0,7.55,S,Unknown,Mr,0,0,0.18742937042786192,1.2306622508944896,0.0,0
female,23,0,0,7.55,S,Unknown,Miss,0,1,0.2917303167142857,1.4118915768933207,1.4118915768933207,0
male,33,0,0,7.8958,S,Unknown,Mr,0,0,0.19535752924992308,1.2427879913768576,0.0,0
female,18,0,1,23.0,S,Unknown,Miss,1,1,0.6110301687838076,1.6365804032072535,1.6365804032072535,0
male,21,0,0,8.4333,S,Unknown,Mr,0,0,0.15106648653429192,1.1779485485471932,0.0,0
female,21,0,0,7.8292,Q,Unknown,Miss,0,1,0.04682651852588063,1.0491269631772189,1.0491269631772189,0
female,18,0,0,6.75,Q,Unknown,Miss,0,0,0.036585728495313,1.0379750742514666,0.0,0
male,24,2,0,73.5,S,Unknown,Mr,1,0,0.9971967659024435,1.0028111143090397,0.0,0
male,33,0,0,7.8958,S,Unknown,Mr,0,0,0.19535752924992308,1.2427879913768576,0.0,0
female,32,1,1,15.5,Q,Unknown,Mr,0,0,0.03237506304402907,1.033458276866941,0.0,0
male,23,0,0,13.0,S,Unknown,Mr,1,0,0.2719802260934478,3.6767378804090596,0.0,0
male,58,0,2,113.275,C,D,Mr,1,0,0.9999997290807202,1.0000002709193532,0.0,0
male,50,2,0,133.65,S,Unknown,Officer,1,1,0.9999999738351604,1.0000000261648403,1.0000000261648403,0
male,40,0,0,7.225,C,Unknown,Mr,0,0,0.13209161118522603,1.1521953386873147,0.0,0
male,47,0,0,25.5875,S,E,Officer,1,0,0.9909705613263248,1.0091117123212925,0.0,0
male,36,0,0,7.4958,S,Unknown,Officer,0,0,0.6105977648360387,2.568038674916545,0.0,0
male,20,1,0,7.925,S,Unknown,Mr,0,1,0.05201304247348934,1.0548668334100313,1.0548668334100313,0
male,32,2,0,73.5,S,Unknown,Mr,1,0,0.9978376495354352,1.0021670363566373,0.0,0
male,25,0,0,13.0,S,Unknown,Mr,1,0,0.2850508715215692,3.5081457378541363,0.0,0
male,31,0,0,7.775,S,Unknown,Mrs,0,0,0.2718599519388841,1.3733621748491793,0.0,0
male,43,0,0,8.05,S,Unknown,Mr,0,0,0.2558893385383158,1.3438861338657115,0.0,0
female,33,1,0,52.0,S,C,Mr,1,1,0.9989518087307847,1.0010492911270135,1.0010492911270135,0
female,40,1,1,39.0,S,Unknown,Mr,1,1,0.9203572988910973,1.0865345460994997,1.0865345460994997,0
male,31,1,0,52.0,S,B,Mr,1,0,0.9987676385601131,1.0012338820285203,0.0,0
male,70,0,0,10.5,S,Unknown,Mr,1,0,0.5433394237966787,1.8404701669029024,0.0,0
male,31,0,0,13.0,S,Unknown,Mrs,1,1,0.4474287451156038,2.234992746703447,2.234992746703447,0
male,33,0,0,0.0,S,Unknown,Mr,1,0,0.07008291732032065,14.268812404446646,0.0,0
male,18,0,0,7.775,S,Unknown,Mr,0,0,0.12770799304494437,1.1464050937377492,0.0,0
male,24,0,0,8.05,S,Unknown,Mr,0,0,0.15637273732116547,1.1853576149550016,0.0,0
female,18,0,0,9.8417,S,Unknown,Miss,0,1,0.3295784377964488,1.49159880346507,1.49159880346507,0
female,43,1,6,46.9,S,Unknown,Mr,0,0,0.44428626232689294,1.799487635823464,0.0,0
male,36,0,1,512.3292,C,B,Mr,1,1,1.0,,,0
female,21,0,0,8.1375,Q,Unknown,Miss,0,0,0.04890802824692999,1.051423027109336,0.0,0
male,27,0,0,76.7292,C,D,Mr,1,1,0.9999654838273643,1.000034517364043,1.000034517364043,0
male,20,0,0,9.225,S,Unknown,Mr,0,0,0.16226251346587425,1.1936913604489447,0.0,0
male,14,5,2,46.9,S,Unknown,Mr,0,0,0.040154145352788335,1.041833951939655,0.0,0
male,60,1,1,39.0,S,Unknown,Mr,1,0,0.9015484482873648,1.109202729925008,0.0,0
male,25,1,2,41.5792,C,Unknown,Mr,1,0,0.5187614950548868,1.9276681279018144,0.0,0
male,14,4,1,39.6875,S,Unknown,Mr,0,0,0.08423875625459994,1.0919876843772829,0.0,0
male,19,0,0,10.1708,S,Unknown,Mr,0,0,0.17742580116048015,1.2156958015590458,0.0,0
male,18,0,0,7.7958,S,Unknown,Mr,0,0,0.1280516898048595,1.146856973409584,0.0,0
female,15,0,1,211.3375,S,B,Miss,1,1,0.9999999999999645,1.0000000000000355,1.0000000000000355,0
male,31,1,0,57.0,S,B,Mr,1,1,0.9994121172552196,1.0005882285541974,1.0005882285541974,0
female,4,0,1,13.4167,C,Unknown,Miss,0,1,0.11722834214893413,1.1327957701250895,1.1327957701250895,0
male,33,0,0,56.4958,S,Unknown,Mr,0,1,0.9969362836955946,326.40097862914996,326.40097862914996,0
male,25,0,0,7.225,C,Unknown,Mr,0,0,0.08544975898037195,1.093433641092374,0.0,0
male,60,0,0,26.55,S,Unknown,Officer,1,0,0.9829360563914558,1.0173601766845233,0.0,0
male,52,0,0,13.5,S,Unknown,Mr,1,0,0.5081944692706457,1.967750655443353,0.0,0
male,44,0,0,8.05,S,Unknown,Mr,0,0,0.26213192796061807,1.3552558213233372,0.0,0
female,21,0,0,7.7333,Q,Unknown,Miss,0,1,0.046196400885939626,1.0484338714268318,1.0484338714268318,0
male,49,1,1,110.8833,C,C,Mr,1,0,0.9999990221772841,1.000000977823672,0.0,0
male,42,0,0,7.65,S,F,Mr,0,0,0.582294267477796,2.3940298687350263,0.0,0
female,18,1,0,227.525,C,C,Mr,1,1,0.9999999999999842,1.0000000000000158,1.0000000000000158,0
male,35,0,0,26.2875,S,E,Mr,1,1,0.9298575120716234,1.075433587423633,1.075433587423633,0
female,18,0,1,14.4542,C,Unknown,Miss,0,0,0.19625928557825542,1.2441823364882731,0.0,0
male,25,0,0,7.7417,Q,Unknown,Mr,0,0,0.021853843238148422,1.0223421040782856,0.0,0
male,26,1,0,7.8542,S,Unknown,Mr,0,0,0.06190962123799804,1.06599536957164,0.0,0
male,39,0,0,26.0,S,Unknown,Mr,1,0,0.8118284715253977,1.2317872987640288,0.0,0
female,45,0,0,13.5,S,Unknown,Mr,1,1,0.6655889593215741,1.5024287677777686,1.5024287677777686,0
male,42,0,0,26.2875,S,E,Mr,1,1,0.9433313015699065,1.0600729545768115,1.0600729545768115,0
female,22,0,0,151.55,S,Unknown,Miss,1,1,0.9999999986398382,1.0000000013601618,1.0000000013601618,0
male,4,1,1,15.2458,C,Unknown,Master,0,1,0.08988379948942543,1.0987607949831029,1.0987607949831029,0
female,24,0,0,49.5042,C,C,Miss,1,1,0.9987612305815574,1.0012403058714257,1.0012403058714257,0
male,33,0,0,26.55,S,C,Mr,1,0,0.9635427667178021,1.0378366529659968,0.0,0
male,48,1,0,52.0,S,C,Mr,1,1,0.9984444049377265,1.0015580187084834,1.0015580187084834,0
male,29,0,0,9.4833,S,Unknown,Mr,0,0,0.2124079873743532,1.2696929171059452,0.0,0
male,52,0,0,13.0,S,Unknown,Mr,1,0,0.48967654465479155,2.0421643856864176,0.0,0
male,19,0,0,7.65,S,F,Mr,0,0,0.397489859519019,1.6597231030862067,0.0,0
female,38,0,0,227.525,C,C,Officer,1,1,0.9999999999999996,1.0000000000000004,1.0000000000000004,0
female,27,0,0,10.5,S,E,Miss,1,1,0.7089461995375712,1.4105442707109175,1.4105442707109175,0
male,33,0,0,15.5,Q,Unknown,Mr,0,0,0.08381668957769461,1.0914846282662147,0.0,0
male,33,0,0,7.775,S,Unknown,Mr,0,0,0.19255944431671967,1.2384812639907221,0.0,0
female,6,0,1,33.0,S,Unknown,Miss,1,1,0.823889375491375,1.2137551833382862,1.2137551833382862,0
male,17,1,0,7.0542,S,Unknown,Mr,0,0,0.04190878505351134,1.0437419573415585,0.0,0
male,34,0,0,13.0,S,Unknown,Mr,1,0,0.3482374537961851,2.871603812567719,0.0,0
male,50,0,0,13.0,S,Unknown,Mr,1,0,0.4734363333354855,2.1122164261342866,0.0,0
male,27,1,0,53.1,S,E,Mr,1,1,0.9946649173543418,1.0053636984200154,1.0053636984200154,0
male,20,0,0,8.6625,S,Unknown,Mr,0,0,0.15125009036086376,1.1782033654945199,0.0,0
female,30,3,0,21.0,S,Unknown,Mr,1,1,0.13071549831629403,7.650202255131879,7.650202255131879,0
female,21,0,0,7.7375,Q,Unknown,Miss,0,1,0.04622382754769634,1.0484640200528892,1.0484640200528892,0
male,25,1,0,26.0,S,Unknown,Mr,1,0,0.48445544219390607,2.064173323084983,0.0,0
female,25,1,0,7.925,S,Unknown,Miss,0,0,0.1376286032263042,1.1595931912180766,0.0,0
female,29,0,0,211.3375,S,B,Miss,1,1,0.9999999999999898,1.0000000000000102,1.0000000000000102,0
male,11,0,0,18.7875,C,Unknown,Mr,0,0,0.2473533492428691,1.3286447219210265,0.0,0
male,33,0,0,0.0,S,Unknown,Mr,1,0,0.07008291732032065,14.268812404446646,0.0,0
male,23,0,0,13.0,S,Unknown,Mr,1,0,0.2719802260934478,3.6767378804090596,0.0,0
male,23,0,0,13.0,S,Unknown,Mr,1,0,0.2719802260934478,3.6767378804090596,0.0,0
male,28,0,0,16.1,S,Unknown,Mrs,0,0,0.5375917663491486,2.1625912499539655,0.0,0
female,48,1,3,34.375,S,Unknown,Mr,0,0,0.6098227489273041,2.5629377347109483,0.0,0
male,35,0,0,512.3292,C,B,Mr,1,1,1.0,,,0
male,33,0,0,7.8958,S,Unknown,Mr,0,0,0.19535752924992308,1.2427879913768576,0.0,0
male,33,0,0,7.8958,S,Unknown,Mr,0,0,0.19535752924992308,1.2427879913768576,0.0,0
male,33,0,0,30.0,S,D,Mr,1,1,0.9843436486586347,1.0159053714246038,1.0159053714246038,0
male,36,1,0,78.85,S,C,Mr,1,0,0.9999569081096733,1.0000430937473177,0.0,0
female,21,2,2,262.375,C,B,Miss,1,1,0.9999999999999996,1.0000000000000004,1.0000000000000004,0
male,24,1,0,16.1,S,Unknown,Mr,0,0,0.17342867523266806,1.2098169511039907,0.0,0
male,31,0,0,7.925,S,Unknown,Mr,0,1,0.1859876154231529,1.228482537793127,1.228482537793127,0
male,70,1,1,71.0,S,B,Officer,1,0,0.9999926476830572,1.0000073523709998,0.0,0
male,16,1,1,20.25,S,Unknown,Mr,0,0,0.11976239365905252,1.136056892816579,0.0,0
female,30,0,0,13.0,S,Unknown,Miss,1,1,0.5369761843557795,1.8622799839805164,1.8622799839805164,0
male,19,1,0,53.1,S,D,Mr,1,0,0.9976228765813571,1.0023827875988458,0.0,0
male,31,0,0,7.75,Q,Unknown,Mr,0,0,0.026470757572240336,1.0271905109971102,0.0,0
female,4,1,1,23.0,S,Unknown,Miss,1,1,0.2549300579986795,3.922644539645379,3.922644539645379,0
male,6,0,1,12.475,S,E,Master,0,1,0.5532066342652006,2.238171102552951,2.238171102552951,0
male,33,0,0,9.5,S,Unknown,Mr,0,0,0.2354323689373577,1.3079287683290222,0.0,0
male,23,0,0,7.8958,S,Unknown,Mr,0,0,0.14920598470604168,1.1753726307706682,0.0,0
female,48,1,2,65.0,S,Unknown,Mr,1,1,0.9968955458578653,1.003114121790426,1.003114121790426,0
male,0,1,1,14.5,S,Unknown,Master,1,1,0.12343101446057911,8.101691494396459,8.101691494396459,0
male,28,0,0,7.7958,S,Unknown,Mr,0,0,0.1689593488146042,1.2033105703958051,0.0,0
male,18,0,0,11.5,S,Unknown,Mr,1,0,0.2027041741503399,4.933297521827688,0.0,0
male,34,0,0,8.05,S,Unknown,Mr,0,0,0.20420898595077921,1.2566113242617598,0.0,0
female,33,0,0,86.5,S,B,Royalty,1,1,0.9999998325132008,1.0000001674868273,1.0000001674868273,0
male,33,0,0,14.5,S,Unknown,Mr,0,0,0.39243654540229433,1.645918615467324,0.0,0
male,41,0,0,7.125,S,Unknown,Mr,0,0,0.219334512366642,1.2809583820998287,0.0,0
male,20,0,0,7.2292,C,Unknown,Mr,0,1,0.07360966598013435,1.0794585859512604,1.0794585859512604,0
female,36,1,2,120.0,S,B,Mr,1,1,0.9999999117215277,1.00000008827848,1.00000008827848,0
male,16,0,0,7.775,S,Unknown,Mr,0,0,0.12063474534980666,1.1371838888469552,0.0,0
female,51,1,0,77.9583,S,D,Mr,1,1,0.9999912514187388,1.0000087486577995,1.0000087486577995,0
male,38,0,0,39.6,C,Unknown,Officer,1,0,0.9907710755183328,1.0093148909063974,0.0,0
female,30,0,0,7.75,Q,Unknown,Miss,0,0,0.0610921713898729,1.06506727234377,0.0,0
male,33,1,0,24.15,Q,Unknown,Mr,0,0,0.10167602555919815,1.113184138965556,0.0,0
male,32,0,0,8.3625,S,Unknown,Mr,0,0,0.20117808977353874,1.2518434800023273,0.0,0
male,24,0,0,9.5,S,Unknown,Mr,0,0,0.186846145512238,1.2297795730550154,0.0,0
male,48,0,0,7.8542,S,Unknown,Mr,0,0,0.2821510059688273,1.3930506392220072,0.0,0
female,57,0,0,10.5,S,E,Mr,1,0,0.8634482749965412,1.1581469660171662,0.0,0
male,33,0,0,7.225,C,Unknown,Mr,0,0,0.10810134350445783,1.1212036173809374,0.0,0
female,54,1,3,23.0,S,Unknown,Mr,1,1,0.2604561837131872,3.8394173858478786,3.8394173858478786,0
male,18,0,0,7.75,S,Unknown,Mr,0,0,0.12729593828734773,1.1458638086747686,0.0,0
male,33,0,0,7.75,Q,F,Mr,0,0,0.11421448283976442,1.1289414656563,0.0,0
female,5,0,0,12.475,S,Unknown,Miss,0,1,0.32239255777288894,1.475780721524062,1.475780721524062,0
male,33,0,0,7.7375,Q,Unknown,Mr,0,0,0.028149179051883612,1.0289645061208281,0.0,0
female,43,0,1,211.3375,S,B,Mr,1,1,0.9999999999999853,1.0000000000000147,1.0000000000000147,0
female,13,0,0,7.2292,C,Unknown,Miss,0,1,0.13527158071523016,1.1564324447982355,1.1564324447982355,0
female,17,1,0,57.0,S,B,Mr,1,1,0.9996166668440397,1.000383480156619,1.000383480156619,0
male,29,0,0,30.0,S,D,Mr,1,0,0.9822068464578365,1.018115485150945,0.0,0
male,33,1,2,23.45,S,Unknown,Mr,0,0,0.14736632049781084,1.1728366167565076,0.0,0
male,25,0,0,7.05,S,Unknown,Mr,0,0,0.14171700679211757,1.1651168762676307,0.0,0
male,25,0,0,7.25,S,Unknown,Mr,0,0,0.14535967574513486,1.1700828659961364,0.0,0
female,18,0,0,7.4958,S,Unknown,Miss,0,1,0.2577562659913339,1.3472663414741937,1.3472663414741937,0
male,8,4,1,29.125,Q,Unknown,Master,0,0,0.007828195582366018,1.0078899597302715,0.0,0
male,1,1,2,20.575,S,Unknown,Master,0,1,0.13997021091409467,1.1627504217765108,1.1627504217765108,0
male,46,0,0,79.2,C,B,Mr,1,0,0.9999916136770745,1.0000083863932565,0.0,0
male,33,0,0,7.75,Q,Unknown,Mr,0,0,0.02819988849371115,1.029018198454414,0.0,0
male,16,0,0,26.0,S,Unknown,Mr,1,0,0.6712405704821032,1.4897788423035467,0.0,0
female,21,8,2,69.55,S,Unknown,Miss,0,0,0.1310542877897105,1.1508198797095792,0.0,0
male,33,0,0,30.6958,C,Unknown,Mr,1,0,0.7969231830854698,1.2548260876641484,0.0,0
male,25,0,0,7.8958,S,Unknown,Mr,0,0,0.15765412772113865,1.187160800461484,0.0,0
male,39,0,0,13.0,S,Unknown,Mr,1,0,0.3859999115321399,2.590674168889637,0.0,0
female,49,0,0,25.9292,S,D,Officer,1,1,0.9988521234443317,1.0011491956904592,1.0011491956904592,0
female,31,0,0,8.6833,S,Unknown,Mr,0,1,0.38207940462951884,1.6183309109489041,1.6183309109489041,0
male,30,0,0,7.2292,C,Unknown,Mr,0,0,0.09910188095549259,1.1100034275358461,0.0,0
female,30,1,1,24.15,S,Unknown,Mr,0,0,0.4804462430112453,1.9247286475144172,0.0,0
male,34,0,0,13.0,S,Unknown,Mr,1,0,0.3482374537961851,2.871603812567719,0.0,0
female,31,1,1,26.25,S,Unknown,Officer,1,1,0.8901705854963222,1.1233801883516983,1.1233801883516983,0
male,11,1,2,120.0,S,B,Master,1,1,0.999999882059199,1.000000117940815,1.000000117940815,0
male,0,0,1,8.5167,C,Unknown,Master,0,1,0.08522312260093086,1.0931627424200323,1.0931627424200323,0
male,27,0,0,6.975,S,Unknown,Mr,0,1,0.1484059304950878,1.1742683936037341,1.1742683936037341,0
male,31,0,0,7.775,S,Unknown,Mr,0,0,0.18264641753674213,1.2234607169473715,0.0,0
male,39,0,0,0.0,S,A,Officer,1,0,0.784743779288507,1.2743012769169784,0.0,0
female,18,0,0,7.775,S,Unknown,Miss,0,0,0.26574938864895725,1.3619328122314676,0.0,0
male,39,0,0,13.0,S,Unknown,Mr,1,0,0.3859999115321399,2.590674168889637,0.0,0
female,33,1,0,53.1,S,E,Mr,1,1,0.9981788792176759,1.0018244433139594,1.0018244433139594,0
male,26,0,0,7.8875,S,Unknown,Mr,0,0,0.1618551259459219,1.1931111565033312,0.0,0
male,39,0,0,24.15,S,Unknown,Mr,0,0,0.7663540408564392,4.2799798621193474,0.0,0
male,35,0,0,10.5,S,Unknown,Mr,1,0,0.2759440232400817,3.6239233894548324,0.0,0
female,6,4,2,31.275,S,Unknown,Miss,0,0,0.022412819641349998,1.0229266709830702,0.0,0
male,30,0,0,8.05,S,Unknown,Mr,0,0,0.18387626455350983,1.2253043951146865,0.0,0
male,33,0,0,0.0,S,B,Mr,1,0,0.5317124714597026,1.8807157132401173,0.0,0
female,23,0,0,7.925,S,Unknown,Miss,0,0,0.30334178533329503,1.4354241132122725,0.0,0
male,31,1,1,37.0042,C,Unknown,Mr,1,0,0.5939261754235726,1.683710941493404,0.0,0
male,43,0,0,6.45,S,Unknown,Mr,0,0,0.21340826375724542,1.271307533405594,0.0,0
male,10,3,2,27.9,S,Unknown,Master,0,0,0.0707644655409451,1.07615342172869,0.0,0
female,52,1,1,93.5,S,B,Mr,1,1,0.999998789836423,1.0000012101650415,1.0000012101650415,0
male,27,0,0,8.6625,S,Unknown,Mr,0,1,0.18285292155132118,1.2237699018620494,1.2237699018620494,0
male,38,0,0,0.0,S,Unknown,Royalty,1,0,0.3437610192482031,2.9089976582771815,0.0,0
female,27,0,1,12.475,S,E,Mr,0,1,0.5922348122632917,2.4523917933026063,2.4523917933026063,0
male,2,4,1,39.6875,S,Unknown,Master,0,0,0.20266583043912284,1.2541792866480799,0.0,0
male,33,0,0,6.95,Q,Unknown,Mr,0,0,0.025127081407843758,1.0257747250217295,0.0,0
male,33,0,0,56.4958,S,Unknown,Mr,0,0,0.9969362836955946,326.40097862914996,0.0,0
male,1,0,2,37.0042,C,Unknown,Master,1,1,0.7487669389883548,1.335529051738157,1.335529051738157,0
male,33,0,0,7.75,Q,Unknown,Mr,0,1,0.02819988849371115,1.029018198454414,1.029018198454414,0
female,62,0,0,80.0,S,B,Mr,1,1,0.9999989908624579,1.0000010091385605,1.0000010091385605,0
female,15,1,0,14.4542,C,Unknown,Mr,0,1,0.1406105755787904,1.1636168325826097,1.1636168325826097,0
male,0,1,1,18.75,S,Unknown,Master,1,1,0.2090520796232781,4.7834970204651786,4.7834970204651786,0
male,33,0,0,7.2292,C,Unknown,Mr,0,0,0.108161355175386,1.1212790629819103,0.0,0
male,23,0,0,7.8542,S,Unknown,Mr,0,0,0.1484252588482864,1.1742950461958845,0.0,0
male,18,0,0,8.3,S,Unknown,Mr,0,0,0.1366268666103046,1.158247762556489,0.0,0
female,39,1,1,83.1583,C,E,Miss,1,1,0.9999318574804787,1.0000681471632407,1.0000681471632407,0
male,21,0,0,8.6625,S,Unknown,Mr,0,0,0.1554733024085743,1.184095189473561,0.0,0
male,33,0,0,8.05,S,Unknown,Mr,0,0,0.1989738390565327,1.2483986775440352,0.0,0
male,32,0,0,56.4958,S,Unknown,Mr,0,1,0.9968353105646045,315.9867722928802,315.9867722928802,0
male,33,0,0,29.7,C,C,Mr,1,1,0.9587450420248167,1.043030165650771,1.043030165650771,0
male,20,0,0,7.925,S,Unknown,Mr,0,0,0.13775073449760278,1.1597574390711032,0.0,0
male,16,0,0,10.5,S,Unknown,Mr,1,0,0.17041424776100553,5.868053951700285,0.0,0
female,30,0,0,31.0,C,Unknown,Miss,1,1,0.9020084892223879,1.1086370161128856,1.1086370161128856,0
male,34,0,0,6.4375,C,Unknown,Mr,0,0,0.10025155923466225,1.1114217648984053,0.0,0
male,17,0,0,8.6625,S,Unknown,Mr,0,0,0.13914463794225584,1.1616353269957589,0.0,0
male,42,0,0,7.55,S,Unknown,Mr,0,0,0.23612321341473272,1.3091116493672579,0.0,0
male,33,8,2,69.55,S,Unknown,Mr,0,0,0.08268448417982743,1.0901374529851915,0.0,0
male,35,0,0,7.8958,C,Unknown,Mr,0,0,0.12500747120171518,1.142866901244746,0.0,0
male,28,0,1,33.0,S,Unknown,Officer,1,0,0.9600947075576679,1.04156391252676,0.0,0
female,33,1,0,89.1042,C,C,Mr,1,1,0.999992202548218,1.0000077975125827,1.0000077975125827,0
male,4,4,2,31.275,S,Unknown,Master,0,0,0.034261367127967415,1.035476852599421,0.0,0
male,74,0,0,7.775,S,Unknown,Mr,0,0,0.4750620366694464,1.9049870077129472,0.0,0
female,9,1,1,15.2458,C,Unknown,Miss,0,0,0.06573974021784955,1.0703655534199632,0.0,0
female,16,0,1,39.4,S,D,Miss,1,1,0.993928831443984,1.0061082527882763,1.0061082527882763,0
female,44,1,0,26.0,S,Unknown,Mr,1,0,0.8083057599524852,1.2371556031702449,0.0,0
female,18,0,1,9.35,S,Unknown,Mr,0,1,0.16901547577378379,1.2033918452707228,1.2033918452707228,0
female,45,1,1,164.8667,S,Unknown,Mr,1,1,0.9999999994144013,1.0000000005855987,1.0000000005855987,0
male,51,0,0,26.55,S,E,Mr,1,1,0.9586651478083676,1.0431170907653513,1.0431170907653513,0
female,24,0,3,19.2583,C,Unknown,Mr,0,1,0.10905967040763039,1.122409623613658,1.122409623613658,0
male,33,0,0,7.2292,C,Unknown,Mr,0,0,0.108161355175386,1.1212790629819103,0.0,0
male,41,2,0,14.1083,S,Unknown,Mr,0,0,0.08530237757460175,1.0932574606987775,0.0,0
male,21,1,0,11.5,S,Unknown,Mr,1,0,0.08781238897564565,11.387914754002937,0.0,0
female,48,0,0,25.9292,S,D,Mr,1,1,0.9926748637440196,1.0073791898269213,1.0073791898269213,0
female,21,8,2,69.55,S,Unknown,Miss,0,0,0.1310542877897105,1.1508198797095792,0.0,0
male,24,0,0,13.0,S,Unknown,Mr,1,0,0.27846846020935967,3.5910709573650625,0.0,0
female,42,0,0,13.0,S,Unknown,Mr,1,1,0.626361336824445,1.596522552094044,1.596522552094044,0
female,27,1,0,13.8583,C,Unknown,Miss,1,1,0.18447490992496954,5.420791371611047,5.420791371611047,0
male,31,0,0,50.4958,S,A,Mr,1,0,0.9987554578975599,1.0012460929175395,0.0,0
male,33,0,0,9.5,S,Unknown,Mr,0,0,0.2354323689373577,1.3079287683290222,0.0,0
male,4,1,1,11.1333,S,Unknown,Master,0,1,0.08874655731767774,1.0973895440728845,1.0973895440728845,0
male,26,0,0,7.8958,S,Unknown,Mr,0,0,0.16202201895166546,1.1933487783879133,0.0,0
female,47,1,1,52.5542,S,D,Mr,1,1,0.9990563328613661,1.000944558487439,1.000944558487439,0
male,33,0,0,5.0,S,B,Mr,1,0,0.7042930118839298,1.4198635839436724,0.0,0
male,47,0,0,9.0,S,Unknown,Mr,0,0,0.3107572438736087,1.450867624086604,0.0,0
female,28,1,0,24.0,C,Unknown,Mr,1,1,0.5067359922052408,1.973414194733132,1.973414194733132,0
female,15,0,0,7.225,C,Unknown,Miss,0,1,0.14298714504482082,1.1668436409303322,1.1668436409303322,0
male,20,0,0,9.8458,S,Unknown,Mr,0,0,0.17515691197085492,1.2123517969816169,0.0,0
male,19,0,0,7.8958,S,Unknown,Mr,0,0,0.13343155132809667,1.153976932269566,0.0,0
male,33,0,0,7.8958,S,Unknown,Mr,0,0,0.19535752924992308,1.2427879913768576,0.0,0
female,56,0,1,83.1583,C,C,Mr,1,1,0.9999932760402405,1.0000067240049715,1.0000067240049715,0
female,25,0,1,26.0,S,Unknown,Mr,1,1,0.7506258147097882,1.3322217014167392,1.3322217014167392,0
male,33,0,0,7.8958,S,Unknown,Mr,0,0,0.19535752924992308,1.2427879913768576,0.0,0
female,22,0,0,10.5167,S,Unknown,Miss,0,0,0.3822583997836013,1.6187998341858374,0.0,0
male,28,0,0,10.5,S,Unknown,Mr,1,0,0.23283647903080498,4.29485965499288,0.0,0
male,25,0,0,7.05,S,Unknown,Mr,0,0,0.14171700679211757,1.1651168762676307,0.0,0
female,39,0,5,29.125,Q,Unknown,Mr,0,0,0.0379220705351138,1.039416838671485,0.0,0
male,27,0,0,13.0,S,Unknown,Officer,1,0,0.7256345191642097,1.3781042295945432,0.0,0
female,19,0,0,30.0,S,B,Miss,1,1,0.9934488760132778,1.0065943242223112,1.0065943242223112,0
female,21,1,2,23.45,S,Unknown,Miss,0,0,0.22432146720476212,1.289193857662138,0.0,0
male,26,0,0,30.0,C,C,Mr,1,1,0.9508560662336689,1.0516838830938837,1.0516838830938837,0
male,32,0,0,7.75,Q,Unknown,Mr,0,0,0.027322031459409975,1.0280894934840603,0.0,0
